Drone Id, X, Y, dX, dY, Collision
0, 100.084152, 45.767807, 0.021944, 0.086806, 0
1, 30.552515, 12.863729, 0.083056, 0.063056, 0
2, 33.206100, 116.597931, 0.038194, 0.054167, 0
3, 41.127529, 88.129120, 0.020139, 0.069306, 0
4, 124.204643, 4.991223, 0.039028, 0.036528, 0
5, 66.048103, 78.942924, 0.007639, 0.048056, 0
6, 49.317799, 84.315178, 0.058889, 0.050833, 0
7, 128.217026, 84.308693, 0.040139, 0.015417, 0
8, 44.453625, 63.491993, 0.066111, 0.022083, 0
9, 113.056442, 102.777016, 0.012222, 0.082639, 0
10, 39.376347, 98.976540, 0.046389, 0.014444, 0
11, 83.234695, 18.274803, 0.036667, 0.060417, 0
12, 79.275955, 37.377274, 0.037917, 0.052778, 0
13, 70.339745, 61.872444, 0.066111, 0.048472, 1
14, 49.352711, 76.947891, 0.053889, 0.036944, 0
15, 23.287170, 67.881874, 0.050278, 0.064722, 0
16, 125.312218, 88.057167, 0.054722, 0.022639, 0
17, 92.118340, 119.722206, 0.027500, 0.026944, 0
18, 81.491089, 40.620197, 0.079444, 0.036250, 0
19, 41.351070, 24.719734, 0.039444, 0.017917, 0
20, 64.234283, 61.475422, 0.049167, 0.061389, 0
21, 15.315543, 102.289658, 0.078194, 0.055833, 0
22, 13.485588, 51.854092, 0.054861, 0.052083, 0
23, 64.234512, 105.274506, 0.073333, 0.076250, 0
24, 34.221252, 128.853088, 0.072778, 0.046389, 0
25, 35.053864, 26.543146, 0.009722, 0.085833, 0
26, 47.145226, 6.512693, 0.018333, 0.011389, 0
27, 9.076725, 21.984716, 0.011528, 0.064167, 0
28, 106.507324, 47.105434, 0.082083, 0.041111, 0
29, 57.411160, 79.514267, 0.064861, 0.034167, 0
30, 20.391407, 77.441772, 0.052639, 0.019722, 0
31, 117.238594, 50.826736, 0.059861, 0.083333, 0
32, 39.343765, 89.019356, 0.041528, 0.028750, 0
33, 49.415596, 99.680367, 0.060556, 0.023750, 0
34, 37.348911, 47.903011, 0.075694, 0.070139, 0
35, 37.352787, 53.254128, 0.057083, 0.072639, 0
36, 114.113533, 122.043121, 0.037361, 0.026111, 0
37, 75.166794, 9.231995, 0.022778, 0.026528, 0
38, 58.365353, 4.636413, 0.046528, 0.020000, 0
39, 81.367599, 20.025225, 0.066250, 0.011667, 0
40, 93.208443, 62.854950, 0.046806, 0.012778, 0
41, 73.163956, 121.534836, 0.032917, 0.045972, 0
42, 30.094046, 94.570351, 0.012639, 0.053056, 0
43, 5.607520, 83.953163, 0.080556, 0.023472, 0
44, 20.382814, 107.831894, 0.080278, 0.080000, 0
45, 3.411111, 128.843155, 0.064861, 0.017917, 0
46, 38.449112, 96.027863, 0.068611, 0.028333, 0
47, 3.480100, 26.032309, 0.061111, 0.015417, 0
48, 79.157028, 109.773285, 0.034861, 0.026111, 0
49, 88.347168, 41.665939, 0.060833, 0.018333, 0
50, 57.483532, 19.837694, 0.065000, 0.022917, 0
51, 3.550198, 29.242804, 0.086806, 0.012083, 0
52, 65.395103, 37.400223, 0.058056, 0.057222, 0
53, 41.146259, 131.539963, 0.027917, 0.079861, 0
54, 3.483711, 25.953447, 0.064583, 0.007639, 0
55, 89.119942, 89.652489, 0.022917, 0.069028, 0
56, 86.057076, 72.331299, 0.011250, 0.042222, 0
57, 94.084106, 124.247871, 0.017639, 0.030833, 0
58, 96.227211, 30.410591, 0.050972, 0.050972, 0
59, 11.450721, 59.831894, 0.063750, 0.058472, 0
60, 33.255302, 57.533104, 0.034306, 0.004306, 0
61, 101.133003, 111.469063, 0.050694, 0.045972, 0
62, 120.059715, 125.405876, 0.028472, 0.018472, 0
63, 84.184189, 124.882744, 0.063889, 0.023889, 0
64, 77.316193, 100.118843, 0.070972, 0.031667, 0
65, 125.221779, 15.796205, 0.048056, 0.025694, 0
66, 29.278015, 28.955318, 0.037639, 0.007778, 0
67, 25.057755, 32.704163, 0.008889, 0.063333, 0
68, 112.201164, 105.307022, 0.083333, 0.082500, 0
69, 33.455383, 36.631454, 0.061250, 0.021250, 0
70, 112.167679, 22.946508, 0.028611, 0.031389, 0
71, 122.060478, 117.647820, 0.041111, 0.064861, 0
72, 62.380699, 36.408161, 0.063194, 0.024861, 0
73, 93.303688, 92.394279, 0.076250, 0.006806, 0
74, 0.165465, 24.734844, 0.017361, 0.053333, 0
75, 50.275192, 99.599213, 0.075000, 0.069306, 0
76, 50.216103, 103.491791, 0.050278, 0.070278, 0
77, 78.502281, 89.556175, 0.083333, 0.026389, 0
78, 49.073879, 52.202709, 0.011944, 0.042083, 0
79, 123.154999, 62.244804, 0.056806, 0.066111, 0
80, 36.417854, 4.701279, 0.082222, 0.008889, 0
81, 19.116058, 39.113815, 0.013611, 0.042222, 0
82, 47.097771, 51.138683, 0.012639, 0.039583, 0
83, 60.459652, 16.971584, 0.072500, 0.058056, 0
84, 114.183167, 94.836311, 0.060278, 0.045972, 0
85, 76.159126, 126.432159, 0.081944, 0.022778, 0
86, 48.312199, 44.149117, 0.041111, 0.016944, 0
87, 26.029182, 100.703468, 0.006111, 0.037083, 0
88, 13.345564, 121.672447, 0.062222, 0.019028, 0
89, 127.142166, 101.985374, 0.033056, 0.015417, 0
90, 118.183807, 11.814273, 0.029722, 0.038194, 0
91, 79.239616, 74.939705, 0.036944, 0.046667, 0
92, 100.109161, 119.688400, 0.022917, 0.009444, 0
93, 128.159454, 92.844398, 0.038611, 0.030278, 0
94, 9.165505, 124.257629, 0.026111, 0.060833, 0
95, 70.350685, 81.397461, 0.084722, 0.006528, 1
0, 100.199409, 52.876114, 0.021944, 0.086806, 0
1, 31.026787, 18.594013, 0.083056, 0.063056, 0
2, 33.424194, 121.520416, 0.038194, 0.054167, 0
3, 41.258217, 95.465881, 0.020139, 0.069306, 0
4, 124.464493, 8.967340, 0.039028, 0.036528, 0
5, 66.085495, 82.590149, 0.007639, 0.048056, 1
6, 49.672585, 89.239548, 0.058889, 0.050833, 0
7, 128.446686, 85.709763, 0.040139, 0.015417, 0
8, 44.924549, 66.094612, 0.066111, 0.022083, 0
9, 113.105194, 107.563705, 0.012222, 0.082639, 0
10, 39.745415, 100.909798, 0.046389, 0.014444, 0
11, 83.502075, 25.575211, 0.036667, 0.060417, 0
12, 79.486450, 42.015285, 0.037917, 0.052778, 0
13, 70.696808, 65.987068, 0.066111, 0.048472, 1
14, 49.688507, 80.674408, 0.053889, 0.036944, 0
15, 23.605927, 74.539490, 0.050278, 0.064722, 0
16, 125.581520, 89.775246, 0.054722, 0.022639, 0
17, 92.228027, 121.282959, 0.027500, 0.026944, 0
18, 82.007126, 44.457603, 0.079444, 0.036250, 0
19, 41.724842, 27.636290, 0.039444, 0.017917, 0
20, 64.545700, 67.789787, 0.049167, 0.061389, 0
21, 15.655640, 105.913849, 0.078194, 0.055833, 0
22, 13.953947, 59.396103, 0.054861, 0.052083, 0
23, 64.480537, 108.777458, 0.073333, 0.076250, 0
24, 34.453926, 130.845154, 0.072778, 0.046389, 0
25, 35.120411, 36.229198, 0.009722, 0.085833, 0
26, 47.293335, 8.059507, 0.018333, 0.011389, 0
27, 9.151639, 28.777208, 0.011528, 0.064167, 0
28, 106.924446, 50.348740, 0.082083, 0.041111, 0
29, 57.863060, 83.437958, 0.064861, 0.034167, 0
30, 20.804848, 80.041077, 0.052639, 0.019722, 0
31, 117.448967, 54.904514, 0.059861, 0.083333, 0
32, 39.685356, 93.010002, 0.041528, 0.028750, 0
33, 49.843872, 102.455612, 0.060556, 0.023750, 0
34, 37.749298, 53.716564, 0.075694, 0.070139, 0
35, 37.726482, 61.016037, 0.057083, 0.072639, 0
36, 114.227066, 123.086243, 0.037361, 0.026111, 0
37, 75.358582, 13.020267, 0.022778, 0.026528, 0
38, 58.689331, 6.933312, 0.046528, 0.020000, 0
39, 81.724808, 21.015499, 0.066250, 0.011667, 0
40, 93.431580, 63.786461, 0.046806, 0.012778, 0
41, 73.346878, 125.574638, 0.032917, 0.045972, 0
42, 30.180149, 100.504868, 0.012639, 0.053056, 0
43, 6.181314, 86.718826, 0.080556, 0.023472, 0
44, 20.778234, 113.903450, 0.080278, 0.080000, 0
45, 3.801854, 130.579330, 0.064861, 0.017917, 0
46, 38.840790, 98.602966, 0.068611, 0.028333, 0
47, 3.985786, 28.187786, 0.061111, 0.015417, 0
48, 79.341408, 111.937729, 0.034861, 0.026111, 0
49, 88.707062, 43.405106, 0.060833, 0.018333, 0
50, 57.933037, 22.446545, 0.065000, 0.022917, 0
51, 4.100391, 30.485607, 0.086806, 0.012083, 0
52, 65.735550, 42.771851, 0.058056, 0.057222, 0
53, 41.288136, 137.840927, 0.027917, 0.079861, 0
54, 3.926861, 26.815365, 0.064583, 0.007639, 0
55, 89.232697, 94.891388, 0.022917, 0.069028, 0
56, 86.114151, 75.662598, 0.011250, 0.042222, 0
57, 94.182060, 126.957626, 0.017639, 0.030833, 0
58, 96.502487, 34.737442, 0.050972, 0.050972, 0
59, 11.908113, 66.780754, 0.063750, 0.058472, 0
60, 33.499825, 58.040413, 0.034306, 0.004306, 0
61, 101.295212, 113.443092, 0.050694, 0.045972, 0
62, 120.128357, 125.922440, 0.028472, 0.018472, 0
63, 84.358353, 125.693916, 0.063889, 0.023889, 0
64, 77.576653, 101.763329, 0.070972, 0.031667, 0
65, 125.519089, 18.362196, 0.048056, 0.025694, 0
66, 29.540268, 29.848503, 0.037639, 0.007778, 0
67, 25.107132, 38.270042, 0.008889, 0.063333, 0
68, 112.428513, 108.108383, 0.083333, 0.082500, 0
69, 33.891541, 39.135582, 0.061250, 0.021250, 0
70, 112.312927, 25.422836, 0.028611, 0.031389, 0
71, 122.133865, 118.684280, 0.041111, 0.064861, 0
72, 62.771320, 38.890800, 0.063194, 0.024861, 0
73, 93.619347, 92.808952, 0.076250, 0.006806, 0
74, 0.328204, 33.309906, 0.017361, 0.053333, 0
75, 50.601414, 104.098206, 0.075000, 0.069306, 0
76, 50.424309, 107.773033, 0.050278, 0.070278, 0
77, 78.952194, 91.796127, 0.083333, 0.026389, 0
78, 49.162773, 57.414055, 0.011944, 0.042083, 0
79, 123.345703, 65.281784, 0.056806, 0.066111, 0
80, 36.801285, 5.331544, 0.082222, 0.008889, 0
81, 19.225714, 44.848156, 0.013611, 0.042222, 0
82, 47.195541, 56.277367, 0.012639, 0.039583, 0
83, 60.828209, 21.551750, 0.072500, 0.058056, 0
84, 114.423050, 97.498932, 0.060278, 0.045972, 0
85, 76.356842, 127.069008, 0.081944, 0.022778, 0
86, 48.605034, 46.145935, 0.041111, 0.016944, 0
87, 26.063171, 103.962433, 0.006111, 0.037083, 0
88, 13.710669, 123.458923, 0.062222, 0.019028, 0
89, 127.305115, 103.155502, 0.033056, 0.015417, 0
90, 118.372284, 15.742972, 0.029722, 0.038194, 0
91, 79.438698, 78.900803, 0.036944, 0.046667, 0
92, 100.214729, 120.348511, 0.022917, 0.009444, 0
93, 128.306824, 94.507385, 0.038611, 0.030278, 0
94, 9.310512, 129.603760, 0.026111, 0.060833, 1
95, 70.714668, 81.814468, 0.084722, 0.006528, 1
0, 100.298538, 58.770828, 0.021944, 0.086806, 0
1, 31.518446, 24.576174, 0.083056, 0.063056, 0
2, 33.660278, 126.929733, 0.038194, 0.054167, 0
3, 41.382587, 102.387360, 0.020139, 0.069306, 0
4, 124.675270, 12.068024, 0.039028, 0.036528, 0
5, 66.124077, 86.381340, 0.007639, 0.048056, 0
6, 50.008877, 93.859322, 0.058889, 0.050833, 0
7, 128.676346, 87.110832, 0.040139, 0.015417, 0
8, 45.385094, 68.631149, 0.066111, 0.022083, 0
9, 113.152664, 112.185341, 0.012222, 0.082639, 0
10, 40.121761, 102.886337, 0.046389, 0.014444, 0
11, 83.688705, 30.341621, 0.036667, 0.060417, 0
12, 79.770340, 48.603340, 0.037917, 0.052778, 0
13, 71.085045, 70.537529, 0.066111, 0.048472, 1
14, 50.080685, 85.138840, 0.053889, 0.036944, 0
15, 23.932579, 81.391014, 0.050278, 0.064722, 1
16, 125.916626, 92.013260, 0.054722, 0.022639, 0
17, 92.333389, 122.762985, 0.027500, 0.026944, 0
18, 82.477425, 47.896793, 0.079444, 0.036250, 0
19, 42.080040, 30.391809, 0.039444, 0.017917, 0
20, 64.826263, 73.368370, 0.049167, 0.061389, 0
21, 15.991644, 109.482285, 0.078194, 0.055833, 0
22, 14.382105, 66.209763, 0.054861, 0.052083, 0
23, 64.703537, 111.823517, 0.073333, 0.076250, 0
24, 34.686600, 132.837219, 0.072778, 0.046389, 0
25, 35.184929, 45.572388, 0.009722, 0.085833, 0
26, 47.432793, 9.503960, 0.018333, 0.011389, 0
27, 9.224742, 35.377460, 0.011528, 0.064167, 0
28, 107.332977, 53.509937, 0.082083, 0.041111, 0
29, 58.274220, 86.952225, 0.064861, 0.034167, 0
30, 21.259602, 82.935753, 0.052639, 0.019722, 1
31, 117.715782, 60.480209, 0.059861, 0.083333, 0
32, 39.970413, 96.254204, 0.041528, 0.028750, 0
33, 50.284828, 105.325737, 0.060556, 0.023750, 0
34, 38.216999, 60.720825, 0.075694, 0.070139, 0
35, 38.115112, 69.140648, 0.057083, 0.072639, 0
36, 114.334740, 124.051132, 0.037361, 0.026111, 0
37, 75.550369, 16.808540, 0.022778, 0.026528, 0
38, 59.015743, 9.250184, 0.046528, 0.020000, 0
39, 82.071625, 21.970823, 0.066250, 0.011667, 0
40, 93.647369, 64.679893, 0.046806, 0.012778, 0
41, 73.514282, 129.201492, 0.032917, 0.045972, 0
42, 30.258310, 105.803551, 0.012639, 0.053056, 0
43, 6.755109, 89.484489, 0.080556, 0.023472, 0
44, 21.161049, 119.735344, 0.080278, 0.080000, 0
45, 4.182413, 132.261810, 0.064861, 0.017917, 0
46, 39.300671, 101.715721, 0.068611, 0.028333, 0
47, 4.491440, 30.343264, 0.061111, 0.015417, 0
48, 79.509377, 113.867477, 0.034861, 0.026111, 0
49, 89.079681, 45.217499, 0.060833, 0.018333, 0
50, 58.460804, 25.581736, 0.065000, 0.022917, 0
51, 4.623308, 31.656015, 0.086806, 0.012083, 0
52, 66.075996, 48.143478, 0.058056, 0.057222, 0
53, 41.421246, 143.663345, 0.027917, 0.079861, 0
54, 4.386884, 27.715420, 0.064583, 0.007639, 0
55, 89.341858, 99.923492, 0.022917, 0.069028, 0
56, 86.181801, 79.752914, 0.011250, 0.042222, 0
57, 94.271706, 129.390244, 0.017639, 0.030833, 0
58, 96.761742, 38.758873, 0.050972, 0.050972, 0
59, 12.358834, 73.613091, 0.063750, 0.058472, 0
60, 33.744347, 58.547722, 0.034306, 0.004306, 0
61, 101.441490, 115.141685, 0.050694, 0.045972, 0
62, 120.201462, 126.494347, 0.028472, 0.018472, 0
63, 84.582642, 126.862946, 0.063889, 0.023889, 0
64, 77.892845, 103.882172, 0.070972, 0.031667, 0
65, 125.763527, 20.389336, 0.048056, 0.025694, 0
66, 29.808432, 30.764988, 0.037639, 0.007778, 0
67, 25.162094, 44.594894, 0.008889, 0.063333, 0
68, 112.586037, 109.591507, 0.083333, 0.082500, 0
69, 34.308472, 41.512383, 0.061250, 0.021250, 0
70, 112.494064, 28.651453, 0.028611, 0.031389, 0
71, 122.220161, 120.109383, 0.041111, 0.064861, 0
72, 63.224781, 41.845135, 0.063194, 0.024861, 0
73, 93.946976, 93.244019, 0.076250, 0.006806, 0
74, 0.462776, 40.233883, 0.017361, 0.053333, 0
75, 50.911934, 108.320343, 0.075000, 0.069306, 0
76, 50.632515, 112.054276, 0.050278, 0.070278, 0
77, 79.428291, 94.194191, 0.083333, 0.026389, 0
78, 49.236652, 61.616764, 0.011944, 0.042083, 0
79, 123.536407, 68.318665, 0.056806, 0.066111, 0
80, 37.128777, 5.846410, 0.082222, 0.008889, 0
81, 19.339638, 50.835480, 0.013611, 0.042222, 0
82, 47.284073, 60.862659, 0.012639, 0.039583, 0
83, 61.230927, 26.653698, 0.072500, 0.058056, 0
84, 114.644028, 99.886116, 0.060278, 0.045972, 0
85, 76.541695, 127.637627, 0.081944, 0.022778, 0
86, 48.910778, 48.244286, 0.041111, 0.016944, 0
87, 26.097160, 107.221397, 0.006111, 0.037083, 0
88, 14.056232, 125.131371, 0.062222, 0.019028, 0
89, 127.478455, 104.418007, 0.033056, 0.015417, 0
90, 118.579437, 20.129274, 0.029722, 0.038194, 0
91, 79.666733, 83.560905, 0.036944, 0.046667, 0
92, 100.327484, 121.065201, 0.022917, 0.009444, 0
93, 128.484406, 96.623901, 0.038611, 0.030278, 0
94, 9.471917, 135.678375, 0.026111, 0.060833, 0
95, 71.078651, 82.231476, 0.084722, 0.006528, 0
0, 100.420708, 66.399246, 0.021944, 0.086806, 0
1, 32.005756, 30.495365, 0.083056, 0.063056, 0
2, 33.878372, 131.852219, 0.038194, 0.054167, 0
3, 41.516434, 109.931763, 0.020139, 0.069306, 0
4, 124.890137, 15.241663, 0.039028, 0.036528, 0
5, 66.162659, 90.172531, 0.007639, 0.048056, 0
6, 50.345169, 98.479095, 0.058889, 0.050833, 0
7, 128.918640, 88.604279, 0.040139, 0.015417, 0
8, 45.856018, 71.233856, 0.066111, 0.022083, 0
9, 113.205902, 117.549721, 0.012222, 0.082639, 0
10, 40.490829, 104.819595, 0.046389, 0.014444, 0
11, 83.909943, 36.194031, 0.036667, 0.060417, 0
12, 80.034393, 54.664356, 0.037917, 0.052778, 0
13, 71.442108, 74.652313, 0.066111, 0.048472, 1
14, 50.422119, 88.939148, 0.053889, 0.036944, 0
15, 24.267128, 88.436447, 0.050278, 0.064722, 0
16, 126.243149, 94.183456, 0.054722, 0.022639, 0
17, 92.464706, 124.727371, 0.027500, 0.026944, 0
18, 82.993462, 51.734200, 0.079444, 0.036250, 0
19, 42.422855, 33.039860, 0.039444, 0.017917, 0
20, 65.086258, 78.456535, 0.049167, 0.061389, 0
21, 16.339987, 113.217987, 0.078194, 0.055833, 0
22, 14.859078, 73.907257, 0.054861, 0.052083, 0
23, 64.938049, 115.098022, 0.073333, 0.076250, 0
24, 34.896431, 134.551331, 0.072778, 0.046389, 0
25, 35.243359, 53.886982, 0.009722, 0.085833, 0
26, 47.566483, 10.880171, 0.018333, 0.011389, 0
27, 9.294827, 41.657318, 0.011528, 0.064167, 0
28, 107.840302, 57.615372, 0.082083, 0.041111, 0
29, 58.654823, 90.159424, 0.064861, 0.034167, 0
30, 21.719864, 85.869812, 0.052639, 0.019722, 0
31, 117.869713, 63.060070, 0.059861, 0.083333, 0
32, 40.279388, 99.814209, 0.041528, 0.028750, 0
33, 50.621174, 107.413109, 0.060556, 0.023750, 0
34, 38.629265, 66.744652, 0.075694, 0.070139, 0
35, 38.494781, 77.047638, 0.057083, 0.072639, 0
36, 114.459991, 125.250717, 0.037361, 0.026111, 0
37, 75.726685, 20.252428, 0.022778, 0.026528, 0
38, 59.327553, 11.447220, 0.046528, 0.020000, 0
39, 82.428833, 22.961098, 0.066250, 0.011667, 0
40, 93.877853, 65.649971, 0.046806, 0.012778, 0
41, 73.676514, 132.690994, 0.032917, 0.045972, 0
42, 30.338457, 111.261192, 0.012639, 0.053056, 0
43, 7.265667, 91.898590, 0.080556, 0.023472, 0
44, 21.543863, 125.567238, 0.080278, 0.080000, 0
45, 4.573156, 133.997986, 0.064861, 0.017917, 0
46, 39.728245, 104.573799, 0.068611, 0.028333, 0
47, 4.987499, 32.452553, 0.061111, 0.015417, 0
48, 79.704697, 116.188385, 0.034861, 0.026111, 0
49, 89.484116, 47.212959, 0.060833, 0.018333, 0
50, 58.917114, 28.236355, 0.065000, 0.022917, 0
51, 5.150768, 32.838490, 0.086806, 0.012083, 0
52, 66.465027, 54.429413, 0.058056, 0.057222, 0
53, 41.558739, 149.725037, 0.027917, 0.079861, 0
54, 4.826627, 28.569710, 0.064583, 0.007639, 0
55, 89.454613, 105.162392, 0.022917, 0.069028, 0
56, 86.235352, 82.831207, 0.011250, 0.042222, 1
57, 94.358582, 131.730499, 0.017639, 0.030833, 0
58, 97.004974, 42.474884, 0.050972, 0.050972, 0
59, 12.846251, 81.087776, 0.063750, 0.058472, 0
60, 33.994259, 59.067928, 0.034306, 0.004306, 0
61, 101.587769, 116.840279, 0.050694, 0.045972, 0
62, 120.283493, 127.176941, 0.028472, 0.018472, 0
63, 84.826981, 128.175064, 0.063889, 0.023889, 0
64, 78.209038, 106.001015, 0.070972, 0.031667, 0
65, 126.015518, 22.493454, 0.048056, 0.025694, 0
66, 30.076595, 31.681473, 0.037639, 0.007778, 0
67, 25.219849, 51.299232, 0.008889, 0.063333, 0
68, 112.804657, 112.228088, 0.083333, 0.082500, 0
69, 34.853577, 44.738029, 0.061250, 0.021250, 0
70, 112.666229, 31.691998, 0.028611, 0.031389, 0
71, 122.293549, 121.145844, 0.041111, 0.064861, 0
72, 63.645168, 44.551208, 0.063194, 0.024861, 0
73, 94.262634, 93.658691, 0.076250, 0.006806, 0
74, 0.600074, 47.317642, 0.017361, 0.053333, 0
75, 51.210678, 112.334839, 0.075000, 0.069306, 0
76, 50.840721, 116.335518, 0.050278, 0.070278, 0
77, 79.904388, 96.592255, 0.083333, 0.026389, 0
78, 49.334930, 67.458191, 0.011944, 0.042083, 0
79, 123.736038, 71.553596, 0.056806, 0.066111, 0
80, 37.417542, 6.281385, 0.082222, 0.008889, 0
81, 19.466368, 57.581753, 0.013611, 0.042222, 0
82, 47.373924, 65.527008, 0.012639, 0.039583, 0
83, 61.679192, 32.451355, 0.072500, 0.058056, 0
84, 114.827194, 101.722427, 0.060278, 0.045972, 0
85, 76.778000, 128.479324, 0.081944, 0.022778, 0
86, 49.255249, 50.647232, 0.041111, 0.016944, 0
87, 26.123459, 109.591568, 0.006111, 0.037083, 0
88, 14.411567, 126.860832, 0.062222, 0.019028, 0
89, 127.646599, 105.634323, 0.033056, 0.015417, 0
90, 118.786591, 24.515572, 0.029722, 0.038194, 0
91, 79.894768, 88.221008, 0.036944, 0.046667, 0
92, 100.440239, 121.781891, 0.022917, 0.009444, 0
93, 128.649902, 98.559006, 0.038611, 0.030278, 0
94, 9.637423, 141.935226, 0.026111, 0.060833, 0
95, 71.455933, 82.668030, 0.084722, 0.006528, 0
0, 100.529053, 72.987442, 0.021944, 0.086806, 0
1, 32.401649, 35.092201, 0.083056, 0.063056, 0
2, 34.102463, 136.936981, 0.038194, 0.054167, 0
3, 41.637646, 116.645599, 0.020139, 0.069306, 0
4, 125.100914, 18.342346, 0.039028, 0.036528, 0
5, 66.205208, 94.443611, 0.007639, 0.048056, 0
6, 50.672215, 102.946571, 0.058889, 0.050833, 0
7, 129.160934, 90.097725, 0.040139, 0.015417, 0
8, 46.299263, 73.660110, 0.066111, 0.022083, 0
9, 113.256577, 122.583992, 0.012222, 0.082639, 0
10, 40.869602, 106.810562, 0.046389, 0.014444, 0
11, 84.079269, 40.417442, 0.036667, 0.060417, 0
12, 80.298447, 60.725372, 0.037917, 0.052778, 0
13, 71.788780, 78.621872, 0.066111, 0.048472, 1
14, 50.755096, 92.628769, 0.053889, 0.036944, 0
15, 24.562195, 94.512337, 0.050278, 0.064722, 0
16, 126.566811, 96.331047, 0.054722, 0.022639, 0
17, 92.587372, 126.530304, 0.027500, 0.026944, 0
18, 83.534447, 55.788815, 0.079444, 0.036250, 0
19, 42.771862, 35.741417, 0.039444, 0.017917, 0
20, 65.374535, 84.219025, 0.049167, 0.061389, 0
21, 16.676050, 116.786423, 0.078194, 0.055833, 0
22, 15.307337, 81.084656, 0.054861, 0.052083, 0
23, 65.218613, 119.286316, 0.073333, 0.076250, 0
24, 35.106262, 136.265442, 0.072778, 0.046389, 0
25, 35.300266, 61.944427, 0.009722, 0.085833, 0
26, 47.705940, 12.324623, 0.018333, 0.011389, 0
27, 9.362496, 47.680859, 0.011528, 0.064167, 0
28, 108.287491, 61.146053, 0.082083, 0.041111, 0
29, 59.008266, 93.093674, 0.064861, 0.034167, 0
30, 22.160847, 88.666031, 0.052639, 0.019722, 0
31, 118.023643, 65.640007, 0.059861, 0.083333, 0
32, 40.590538, 103.402924, 0.041528, 0.028750, 0
33, 51.005070, 109.856277, 0.060556, 0.023750, 0
34, 38.990055, 71.858063, 0.075694, 0.070139, 0
35, 38.829647, 83.866524, 0.057083, 0.072639, 1
36, 114.591103, 126.528534, 0.037361, 0.026111, 0
37, 75.892288, 23.457895, 0.022778, 0.026528, 0
38, 59.622326, 13.504446, 0.046528, 0.020000, 0
39, 82.713303, 23.706720, 0.066250, 0.011667, 0
40, 94.115685, 66.658340, 0.046806, 0.012778, 0
41, 73.838745, 136.180496, 0.032917, 0.045972, 0
42, 30.432503, 117.831543, 0.012639, 0.053056, 0
43, 7.776226, 94.312691, 0.080556, 0.023472, 0
44, 21.926678, 131.399460, 0.080278, 0.080000, 0
45, 4.953715, 135.680466, 0.064861, 0.017917, 0
46, 40.098385, 106.979118, 0.068611, 0.028333, 0
47, 5.464369, 34.469463, 0.061111, 0.015417, 0
48, 79.876312, 118.170288, 0.034861, 0.026111, 0
49, 89.831284, 48.878899, 0.060833, 0.018333, 0
50, 59.329189, 30.593477, 0.065000, 0.022917, 0
51, 5.664599, 33.984768, 0.086806, 0.012083, 0
52, 66.851021, 60.658203, 0.058056, 0.057222, 0
53, 41.683083, 155.068909, 0.027917, 0.079861, 0
54, 5.246092, 29.378235, 0.064583, 0.007639, 0
55, 89.560181, 109.987701, 0.022917, 0.069028, 0
56, 86.297714, 86.542015, 0.011250, 0.042222, 0
57, 94.442688, 133.978378, 0.017639, 0.030833, 0
58, 97.261559, 46.445412, 0.050972, 0.050972, 0
59, 13.270284, 87.452950, 0.063750, 0.058472, 0
60, 34.249561, 59.601032, 0.034306, 0.004306, 0
61, 101.749977, 118.814308, 0.050694, 0.045972, 0
62, 120.369987, 127.914879, 0.028472, 0.018472, 0
63, 85.071320, 129.486832, 0.063889, 0.023889, 0
64, 78.551239, 108.341225, 0.070972, 0.031667, 0
65, 126.275063, 24.674551, 0.048056, 0.025694, 0
66, 30.321115, 32.504757, 0.037639, 0.007778, 0
67, 25.272018, 57.244598, 0.008889, 0.063333, 0
68, 113.005821, 114.535110, 0.083333, 0.082500, 0
69, 35.363434, 47.730244, 0.061250, 0.021250, 0
70, 112.842880, 34.826580, 0.028611, 0.031389, 0
71, 122.379845, 122.570946, 0.041111, 0.064861, 0
72, 64.085304, 47.406239, 0.063194, 0.024861, 0
73, 94.578293, 94.073364, 0.076250, 0.006806, 0
74, 0.738281, 54.454662, 0.017361, 0.053333, 0
75, 51.450542, 115.311127, 0.075000, 0.069306, 0
76, 51.064720, 121.037857, 0.050278, 0.070278, 0
77, 80.354301, 98.832207, 0.083333, 0.026389, 0
78, 49.408810, 71.660522, 0.011944, 0.042083, 0
79, 123.908890, 74.194374, 0.056806, 0.066111, 0
80, 37.680489, 6.663100, 0.082222, 0.008889, 0
81, 19.584560, 63.822060, 0.013611, 0.042222, 0
82, 47.476315, 70.942383, 0.012639, 0.039583, 0
83, 62.131252, 38.306988, 0.072500, 0.058056, 0
84, 115.019814, 103.696457, 0.060278, 0.045972, 0
85, 77.040031, 129.457642, 0.081944, 0.022778, 0
86, 49.619083, 53.202477, 0.041111, 0.016944, 0
87, 26.151680, 112.183937, 0.006111, 0.037083, 0
88, 14.757131, 128.533066, 0.062222, 0.019028, 0
89, 127.835526, 107.035393, 0.033056, 0.015417, 0
90, 118.956390, 27.986479, 0.029722, 0.038194, 0
91, 80.130524, 93.067513, 0.036944, 0.046667, 0
92, 100.542213, 122.413712, 0.022917, 0.009444, 0
93, 128.841583, 100.887169, 0.038611, 0.030278, 0
94, 9.819327, 148.921021, 0.026111, 0.060833, 0
95, 71.819916, 83.085037, 0.084722, 0.006528, 0
0, 100.644310, 80.095749, 0.021944, 0.086806, 0
1, 32.888786, 41.011395, 0.083056, 0.063056, 0
2, 34.326553, 142.021744, 0.038194, 0.054167, 0
3, 41.765175, 123.774719, 0.020139, 0.069306, 0
4, 125.309647, 21.406551, 0.039028, 0.036528, 0
5, 66.242599, 98.090836, 0.007639, 0.048056, 0
6, 50.962273, 106.804855, 0.058889, 0.050833, 0
7, 129.422180, 91.729736, 0.040139, 0.015417, 0
8, 46.846306, 76.748062, 0.066111, 0.022083, 0
9, 113.303406, 127.123100, 0.012222, 0.082639, 0
10, 41.265358, 108.902519, 0.046389, 0.014444, 0
11, 84.254364, 44.821854, 0.036667, 0.060417, 0
12, 80.574402, 67.102615, 0.037917, 0.052778, 0
13, 72.083496, 81.865303, 0.066111, 0.048472, 1
14, 51.096531, 96.429077, 0.053889, 0.036944, 0
15, 24.857262, 100.588226, 0.050278, 0.064722, 0
16, 126.853279, 98.184761, 0.054722, 0.022639, 0
17, 92.710037, 128.333145, 0.027500, 0.026944, 0
18, 84.038010, 59.517616, 0.079444, 0.036250, 0
19, 43.096104, 38.228283, 0.039444, 0.017917, 0
20, 65.662811, 89.981514, 0.049167, 0.061389, 0
21, 16.987555, 120.020325, 0.078194, 0.055833, 0
22, 15.729752, 87.793968, 0.054861, 0.052083, 0
23, 65.510689, 123.703056, 0.073333, 0.076250, 0
24, 35.327515, 138.118530, 0.072778, 0.046389, 0
25, 35.353115, 69.316139, 0.009722, 0.085833, 0
26, 47.839630, 13.700834, 0.018333, 0.011389, 0
27, 9.442843, 55.050064, 0.011528, 0.064167, 0
28, 108.734680, 64.676735, 0.082083, 0.041111, 0
29, 59.358315, 95.993805, 0.064861, 0.034167, 0
30, 22.676193, 91.993919, 0.052639, 0.019722, 0
31, 118.290459, 71.215958, 0.059861, 0.083333, 0
32, 40.903862, 107.020348, 0.041528, 0.028750, 0
33, 51.341415, 111.943649, 0.060556, 0.023750, 0
34, 39.374603, 77.391747, 0.075694, 0.070139, 0
35, 39.185421, 91.193192, 0.057083, 0.072639, 0
36, 114.710495, 127.649887, 0.037361, 0.026111, 0
37, 76.055511, 26.610380, 0.022778, 0.026528, 0
38, 59.912231, 15.521727, 0.046528, 0.020000, 0
39, 83.008163, 24.487293, 0.066250, 0.011667, 0
40, 94.375557, 67.781586, 0.046806, 0.012778, 0
41, 73.990631, 139.394516, 0.032917, 0.045972, 0
42, 30.518606, 123.766060, 0.012639, 0.053056, 0
43, 8.328979, 96.961166, 0.080556, 0.023472, 0
44, 22.322098, 137.471588, 0.080278, 0.080000, 0
45, 5.313907, 137.255554, 0.064861, 0.017917, 0
46, 40.515190, 109.752304, 0.068611, 0.028333, 0
47, 5.941239, 36.486374, 0.061111, 0.015417, 0
48, 80.064339, 120.386887, 0.034861, 0.026111, 0
49, 90.197540, 50.654678, 0.060833, 0.018333, 0
50, 59.782097, 33.225212, 0.065000, 0.022917, 0
51, 6.164802, 35.094849, 0.086806, 0.012083, 0
52, 67.155029, 65.344101, 0.058056, 0.057222, 0
53, 41.816193, 160.891327, 0.027917, 0.079861, 0
54, 5.614859, 30.072348, 0.064583, 0.007639, 0
55, 89.676529, 115.433395, 0.022917, 0.069028, 0
56, 86.365364, 90.632332, 0.011250, 0.042222, 0
57, 94.526794, 136.226257, 0.017639, 0.030833, 0
58, 97.544846, 50.924973, 0.050972, 0.050972, 0
59, 13.594238, 92.066261, 0.063750, 0.058472, 0
60, 34.515644, 60.159931, 0.034306, 0.004306, 0
61, 101.896255, 120.512901, 0.050694, 0.045972, 0
62, 120.465408, 128.763504, 0.028472, 0.018472, 0
63, 85.265533, 130.440857, 0.063889, 0.023889, 0
64, 78.882294, 110.586563, 0.070972, 0.031667, 0
65, 126.519501, 26.701691, 0.048056, 0.025694, 0
66, 30.583368, 33.397942, 0.037639, 0.007778, 0
67, 25.335358, 64.707909, 0.008889, 0.063333, 0
68, 113.193893, 116.594963, 0.083333, 0.082500, 0
69, 35.831635, 50.446583, 0.061250, 0.021250, 0
70, 113.032990, 38.243267, 0.028611, 0.031389, 0
71, 122.472595, 124.190369, 0.041111, 0.064861, 0
72, 64.515190, 50.186790, 0.063194, 0.024861, 0
73, 94.929863, 94.549217, 0.076250, 0.006806, 0
74, 0.881031, 61.857986, 0.017361, 0.053333, 0
75, 51.678631, 118.079773, 0.075000, 0.069306, 0
76, 51.241341, 124.476906, 0.050278, 0.070278, 0
77, 80.738754, 100.676880, 0.083333, 0.026389, 0
78, 49.495827, 76.745331, 0.011944, 0.042083, 0
79, 124.090668, 77.033203, 0.056806, 0.066111, 0
80, 37.917618, 6.991553, 0.082222, 0.008889, 0
81, 19.711290, 70.568924, 0.013611, 0.042222, 0
82, 47.554287, 74.895226, 0.012639, 0.039583, 0
83, 62.511196, 43.061081, 0.072500, 0.058056, 0
84, 115.240791, 106.083641, 0.060278, 0.045972, 0
85, 77.250610, 130.162949, 0.081944, 0.022778, 0
86, 49.957100, 55.554657, 0.041111, 0.016944, 0
87, 26.184708, 115.331802, 0.006111, 0.037083, 0
88, 15.118979, 130.299835, 0.062222, 0.019028, 0
89, 128.029510, 108.482651, 0.033056, 0.015417, 0
90, 119.144867, 31.915081, 0.029722, 0.038194, 0
91, 80.346977, 97.448013, 0.036944, 0.046667, 0
92, 100.644188, 123.045532, 0.022917, 0.009444, 0
93, 129.007080, 102.822273, 0.038611, 0.030278, 0
94, 10.005332, 156.089050, 0.026111, 0.060833, 0
95, 72.210495, 83.541138, 0.084722, 0.006528, 0
0, 100.749199, 86.423889, 0.021944, 0.086806, 0
1, 33.362888, 46.741680, 0.083056, 0.063056, 0
2, 34.550644, 147.106506, 0.038194, 0.054167, 0
3, 41.873753, 129.657990, 0.020139, 0.069306, 0
4, 125.495888, 24.069498, 0.039028, 0.036528, 0
5, 66.284752, 102.313927, 0.007639, 0.048056, 0
6, 51.280071, 111.120033, 0.058889, 0.050833, 0
7, 129.702377, 93.500313, 0.040139, 0.015417, 0
8, 47.365669, 79.659561, 0.066111, 0.022083, 0
9, 113.354080, 132.156982, 0.012222, 0.082639, 0
10, 41.663540, 111.008904, 0.046389, 0.014444, 0
11, 84.452530, 49.950264, 0.036667, 0.060417, 0
12, 80.808701, 72.373077, 0.037917, 0.052778, 0
13, 72.398994, 85.399185, 0.066111, 0.048472, 1
14, 51.429508, 100.118698, 0.053889, 0.036944, 0
15, 25.136536, 106.276299, 0.050278, 0.064722, 0
16, 127.168358, 100.264534, 0.054722, 0.022639, 0
17, 92.828377, 130.054871, 0.027500, 0.026944, 0
18, 84.603943, 63.789440, 0.079444, 0.036250, 0
19, 43.424473, 40.750931, 0.039444, 0.017917, 0
20, 65.981941, 96.479630, 0.049167, 0.061389, 0
21, 17.249941, 122.585159, 0.078194, 0.055833, 0
22, 16.086094, 93.307060, 0.054861, 0.052083, 0
23, 65.802765, 128.119781, 0.073333, 0.076250, 0
24, 35.525925, 139.693665, 0.072778, 0.046389, 0
25, 35.416111, 78.402176, 0.009722, 0.085833, 0
26, 47.973320, 15.077045, 0.018333, 0.011389, 0
27, 9.503269, 60.304653, 0.011528, 0.064167, 0
28, 109.126030, 67.673721, 0.082083, 0.041111, 0
29, 59.800030, 99.815140, 0.064861, 0.034167, 0
30, 23.208065, 95.439957, 0.052639, 0.019722, 0
31, 118.488289, 74.961037, 0.059861, 0.083333, 0
32, 41.228058, 110.781319, 0.041528, 0.028750, 0
33, 51.715801, 114.315659, 0.060556, 0.023750, 0
34, 39.806667, 83.765976, 0.075694, 0.070139, 1
35, 39.556129, 98.882561, 0.057083, 0.072639, 0
36, 114.847466, 129.005936, 0.037361, 0.026111, 0
37, 76.219925, 29.789356, 0.022778, 0.026528, 0
38, 60.192402, 17.459045, 0.046528, 0.020000, 0
39, 83.251068, 25.093115, 0.066250, 0.011667, 0
40, 94.635429, 68.904831, 0.046806, 0.012778, 0
41, 74.126999, 142.195312, 0.032917, 0.045972, 0
42, 30.592796, 128.746719, 0.012639, 0.053056, 0
43, 8.902830, 99.726830, 0.080556, 0.023472, 0
44, 22.717518, 143.543716, 0.080278, 0.080000, 0
45, 5.653731, 138.723251, 0.064861, 0.017917, 0
46, 40.921227, 112.440598, 0.068611, 0.028333, 0
47, 6.427703, 38.549473, 0.061111, 0.015417, 0
48, 80.274246, 122.916412, 0.034861, 0.026111, 0
49, 90.582886, 52.540298, 0.060833, 0.018333, 0
50, 60.160145, 35.353489, 0.065000, 0.022917, 0
51, 6.660461, 36.192863, 0.086806, 0.012083, 0
52, 67.495476, 70.715729, 0.058056, 0.057222, 0
53, 41.962452, 167.431564, 0.027917, 0.079861, 0
54, 5.943069, 30.674931, 0.064583, 0.007639, 0
55, 89.778503, 120.051910, 0.022917, 0.069028, 0
56, 86.424202, 94.090134, 0.011250, 0.042222, 0
57, 94.610901, 138.474136, 0.017639, 0.030833, 0
58, 97.780067, 54.488274, 0.050972, 0.050972, 0
59, 14.008264, 98.256248, 0.063750, 0.058472, 0
60, 34.765556, 60.680138, 0.034306, 0.004306, 0
61, 102.082359, 122.900085, 0.050694, 0.045972, 0
62, 120.565292, 129.667480, 0.028472, 0.018472, 0
63, 85.469772, 131.466431, 0.063889, 0.023889, 0
64, 79.209633, 112.800278, 0.070972, 0.031667, 0
65, 126.763939, 28.728830, 0.048056, 0.025694, 0
66, 30.835770, 34.252293, 0.037639, 0.007778, 0
67, 25.397301, 71.981476, 0.008889, 0.063333, 0
68, 113.395058, 118.901985, 0.083333, 0.082500, 0
69, 36.338287, 53.417576, 0.061250, 0.021250, 0
70, 113.245529, 42.130135, 0.028611, 0.031389, 0
71, 122.558891, 125.615471, 0.041111, 0.064861, 0
72, 64.968201, 53.141125, 0.063194, 0.024861, 0
73, 95.281433, 95.025070, 0.076250, 0.006806, 0
74, 1.026506, 69.421089, 0.017361, 0.053333, 0
75, 51.906719, 120.848419, 0.075000, 0.069306, 0
76, 51.441650, 128.547546, 0.050278, 0.070278, 0
77, 81.227943, 103.153999, 0.083333, 0.026389, 0
78, 49.579090, 81.578003, 0.011944, 0.042083, 0
79, 124.299225, 80.466187, 0.056806, 0.066111, 0
80, 38.154747, 7.320007, 0.082222, 0.008889, 0
81, 19.831617, 76.936295, 0.013611, 0.042222, 0
82, 47.640179, 79.322403, 0.012639, 0.039583, 0
83, 62.982235, 49.206593, 0.072500, 0.058056, 0
84, 115.452316, 108.333107, 0.060278, 0.045972, 0
85, 77.499779, 131.073013, 0.081944, 0.022778, 0
86, 50.295116, 57.906837, 0.041111, 0.016944, 0
87, 26.219658, 118.701866, 0.006111, 0.037083, 0
88, 15.474313, 132.028610, 0.062222, 0.019028, 0
89, 128.228088, 109.976097, 0.033056, 0.015417, 0
90, 119.356689, 36.416023, 0.029722, 0.038194, 0
91, 80.580803, 102.247917, 0.036944, 0.046667, 0
92, 100.756943, 123.762222, 0.022917, 0.009444, 0
93, 129.196747, 105.120201, 0.038611, 0.030278, 0
94, 10.187237, 163.074844, 0.026111, 0.060833, 0
95, 72.587776, 83.977692, 0.084722, 0.006528, 0
0, 100.854088, 92.752029, 0.021944, 0.086806, 0
1, 33.850025, 52.660873, 0.083056, 0.063056, 0
2, 34.768738, 152.028992, 0.038194, 0.054167, 0
3, 42.005493, 137.063965, 0.020139, 0.069306, 0
4, 125.700531, 27.060747, 0.039028, 0.036528, 0
5, 66.318573, 105.529251, 0.007639, 0.048056, 0
6, 51.634857, 116.044403, 0.058889, 0.050833, 0
7, 129.969940, 95.178513, 0.040139, 0.015417, 0
8, 47.940392, 82.923965, 0.066111, 0.022083, 0
9, 113.397064, 136.200562, 0.012222, 0.082639, 0
10, 42.027756, 112.913307, 0.046389, 0.014444, 0
11, 84.696838, 56.526672, 0.036667, 0.060417, 0
12, 81.058868, 78.065170, 0.037917, 0.052778, 0
13, 72.652145, 88.061714, 0.066111, 0.048472, 1
14, 51.754028, 103.697632, 0.053889, 0.036944, 0
15, 25.439499, 112.546097, 0.050278, 0.064722, 0
16, 127.532074, 102.728607, 0.054722, 0.022639, 0
17, 92.964020, 132.099411, 0.027500, 0.026944, 0
18, 85.203140, 68.350876, 0.079444, 0.036250, 0
19, 43.726013, 43.040997, 0.039444, 0.017917, 0
20, 66.231651, 101.322586, 0.049167, 0.061389, 0
21, 17.573725, 125.986328, 0.078194, 0.055833, 0
22, 16.459587, 99.132210, 0.054861, 0.052083, 0
23, 66.140892, 133.449783, 0.073333, 0.076250, 0
24, 35.747177, 141.546753, 0.072778, 0.046389, 0
25, 35.475048, 86.802483, 0.009722, 0.085833, 0
26, 48.104126, 16.419136, 0.018333, 0.011389, 0
27, 9.570939, 66.328194, 0.011528, 0.064167, 0
28, 109.543152, 70.917030, 0.082083, 0.041111, 0
29, 60.184029, 103.056458, 0.064861, 0.034167, 0
30, 23.717903, 98.728462, 0.052639, 0.019722, 0
31, 118.661034, 78.040344, 0.059861, 0.083333, 0
32, 41.560951, 114.657127, 0.041528, 0.028750, 0
33, 52.061657, 116.474190, 0.060556, 0.023750, 0
34, 40.108063, 87.828705, 0.075694, 0.070139, 0
35, 39.882034, 105.483826, 0.057083, 0.072639, 0
36, 114.984436, 130.361984, 0.037361, 0.026111, 0
37, 76.378387, 32.835938, 0.022778, 0.026528, 0
38, 60.472572, 19.396343, 0.046528, 0.020000, 0
39, 83.504364, 25.733887, 0.066250, 0.011667, 0
40, 94.873260, 69.913200, 0.046806, 0.012778, 0
41, 74.273712, 145.271591, 0.032917, 0.045972, 0
42, 30.672943, 134.203583, 0.012639, 0.053056, 0
43, 9.590518, 103.125305, 0.080556, 0.023472, 0
44, 23.100332, 149.376160, 0.080278, 0.080000, 0
45, 5.973188, 140.083557, 0.064861, 0.017917, 0
46, 41.355980, 115.355270, 0.068611, 0.028333, 0
47, 6.856601, 40.335442, 0.061111, 0.015417, 0
48, 80.495094, 125.602402, 0.034861, 0.026111, 0
49, 90.949142, 54.316078, 0.060833, 0.018333, 0
50, 60.551804, 37.573303, 0.065000, 0.022917, 0
51, 7.142493, 37.254681, 0.086806, 0.012083, 0
52, 67.799484, 75.401627, 0.058056, 0.057222, 0
53, 42.113094, 174.211075, 0.027917, 0.079861, 0
54, 6.261138, 31.254631, 0.064583, 0.007639, 0
55, 89.878082, 124.532562, 0.022917, 0.069028, 0
56, 86.486565, 97.800941, 0.011250, 0.042222, 0
57, 94.703316, 140.999146, 0.017639, 0.030833, 0
58, 98.033981, 58.407898, 0.050972, 0.050972, 0
59, 14.362242, 103.395119, 0.063750, 0.058472, 0
60, 35.010078, 61.187447, 0.034306, 0.004306, 0
61, 102.260498, 125.149551, 0.050694, 0.045972, 0
62, 120.683029, 130.792831, 0.028472, 0.018472, 0
63, 85.694061, 132.635101, 0.063889, 0.023889, 0
64, 79.481239, 114.539635, 0.070972, 0.031667, 0
65, 127.023483, 30.909927, 0.048056, 0.025694, 0
66, 31.074379, 35.052277, 0.037639, 0.007778, 0
67, 25.445282, 77.357613, 0.008889, 0.063333, 0
68, 113.635498, 121.950516, 0.083333, 0.082500, 0
69, 36.841736, 56.367348, 0.061250, 0.021250, 0
70, 113.440125, 45.640858, 0.028611, 0.031389, 0
71, 122.638733, 126.846252, 0.041111, 0.064861, 0
72, 65.421211, 56.095459, 0.063194, 0.024861, 0
73, 95.644974, 95.521317, 0.076250, 0.006806, 0
74, 1.144724, 75.386375, 0.017361, 0.053333, 0
75, 52.240791, 125.485840, 0.075000, 0.069306, 0
76, 51.673546, 133.459915, 0.050278, 0.070278, 0
77, 81.669128, 105.341248, 0.083333, 0.026389, 0
78, 49.664230, 86.536743, 0.011944, 0.042083, 0
79, 124.472076, 83.106964, 0.056806, 0.066111, 0
80, 38.378967, 7.621830, 0.082222, 0.008889, 0
81, 19.945541, 82.924156, 0.013611, 0.042222, 0
82, 47.730690, 84.026276, 0.012639, 0.039583, 1
83, 63.293858, 52.917122, 0.072500, 0.058056, 0
84, 115.673294, 110.720291, 0.060278, 0.045972, 0
85, 77.774673, 132.119583, 0.081944, 0.022778, 0
86, 50.620224, 60.157486, 0.041111, 0.016944, 0
87, 26.246597, 121.146103, 0.006111, 0.037083, 0
88, 15.839417, 133.814377, 0.062222, 0.019028, 0
89, 128.426666, 111.469543, 0.033056, 0.015417, 0
90, 119.523376, 39.810814, 0.029722, 0.038194, 0
91, 80.776024, 106.115814, 0.036944, 0.046667, 0
92, 100.873291, 124.507202, 0.022917, 0.009444, 0
93, 129.368286, 107.146011, 0.038611, 0.030278, 0
94, 10.369142, 170.060638, 0.026111, 0.060833, 0
95, 72.898567, 84.316513, 0.084722, 0.006528, 0
0, 100.969345, 99.860336, 0.021944, 0.086806, 0
1, 34.324127, 58.391159, 0.083056, 0.063056, 0
2, 34.998825, 157.276031, 0.038194, 0.054167, 0
3, 42.139339, 144.608368, 0.020139, 0.069306, 0
4, 125.886772, 29.723694, 0.039028, 0.036528, 0
5, 66.357155, 109.320442, 0.007639, 0.048056, 0
6, 51.955738, 120.410347, 0.058889, 0.050833, 0
7, 130.231186, 96.810524, 0.040139, 0.015417, 0
8, 48.477055, 85.945747, 0.066111, 0.022083, 0
9, 113.441971, 140.491699, 0.012222, 0.082639, 0
10, 42.396824, 114.846565, 0.046389, 0.014444, 0
11, 84.895004, 61.655083, 0.036667, 0.060417, 0
12, 81.305069, 83.651855, 0.037917, 0.052778, 0
13, 72.978035, 91.740822, 0.066111, 0.048472, 1
14, 52.095463, 107.497940, 0.053889, 0.036944, 0
15, 25.742462, 118.815895, 0.050278, 0.064722, 0
16, 127.878624, 105.057045, 0.054722, 0.022639, 0
17, 93.103989, 134.224655, 0.027500, 0.026944, 0
18, 85.831444, 73.165718, 0.079444, 0.036250, 0
19, 43.994534, 45.044807, 0.039444, 0.017917, 0
20, 66.543068, 107.636795, 0.049167, 0.061389, 0
21, 17.872950, 129.052963, 0.078194, 0.055833, 0
22, 16.815857, 104.645302, 0.054861, 0.052083, 0
23, 66.421455, 137.637665, 0.073333, 0.076250, 0
24, 35.968430, 143.399841, 0.072778, 0.046389, 0
25, 35.533478, 95.117073, 0.009722, 0.085833, 0
26, 48.237816, 17.795347, 0.018333, 0.011389, 0
27, 9.642231, 72.736206, 0.011528, 0.064167, 0
28, 109.947388, 74.037178, 0.082083, 0.041111, 0
29, 60.544262, 106.058945, 0.064861, 0.034167, 0
30, 24.200199, 101.820053, 0.052639, 0.019722, 0
31, 118.843185, 81.369316, 0.059861, 0.083333, 0
32, 41.885147, 118.418098, 0.041528, 0.028750, 0
33, 52.458233, 119.012238, 0.060556, 0.023750, 0
34, 40.484692, 93.222298, 0.075694, 0.070139, 0
35, 40.225861, 112.520332, 0.057083, 0.072639, 0
36, 115.133125, 131.874496, 0.037361, 0.026111, 0
37, 76.535660, 35.856182, 0.022778, 0.026528, 0
38, 60.745441, 21.273726, 0.046528, 0.020000, 0
39, 83.736877, 26.304758, 0.066250, 0.011667, 0
40, 95.111092, 70.921570, 0.046806, 0.012778, 0
41, 74.420425, 148.347870, 0.032917, 0.045972, 0
42, 30.743162, 138.865768, 0.012639, 0.053056, 0
43, 10.214963, 106.172218, 0.080556, 0.023472, 0
44, 23.495752, 155.448288, 0.080278, 0.080000, 0
45, 6.292645, 141.443863, 0.064861, 0.017917, 0
46, 41.815861, 118.468025, 0.068611, 0.028333, 0
47, 7.272707, 42.059826, 0.061111, 0.015417, 0
48, 80.705002, 128.131927, 0.034861, 0.026111, 0
49, 91.315399, 56.091858, 0.060833, 0.018333, 0
50, 60.933254, 39.724464, 0.065000, 0.022917, 0
51, 7.624524, 38.316498, 0.086806, 0.012083, 0
52, 68.103493, 80.087524, 0.058056, 0.057222, 0
53, 42.272503, 181.469131, 0.027917, 0.079861, 0
54, 6.582588, 31.841959, 0.064583, 0.007639, 0
55, 89.978859, 129.082260, 0.022917, 0.069028, 0
56, 86.538353, 100.752731, 0.011250, 0.042222, 0
57, 94.801270, 143.708908, 0.017639, 0.030833, 0
58, 98.287895, 62.327522, 0.050972, 0.050972, 0
59, 14.726228, 108.709175, 0.063750, 0.058472, 0
60, 35.251007, 61.686157, 0.034306, 0.004306, 0
61, 102.438637, 127.399017, 0.050694, 0.045972, 0
62, 120.796303, 131.862839, 0.028472, 0.018472, 0
63, 85.938400, 133.946869, 0.063889, 0.023889, 0
64, 79.842018, 117.037964, 0.070972, 0.031667, 0
65, 127.245262, 32.706078, 0.048056, 0.025694, 0
66, 31.301167, 35.805660, 0.037639, 0.007778, 0
67, 25.501640, 83.872208, 0.008889, 0.063333, 1
68, 113.862846, 124.751877, 0.083333, 0.082500, 0
69, 37.290710, 58.956360, 0.061250, 0.021250, 0
70, 113.628738, 49.026199, 0.028611, 0.031389, 0
71, 122.757301, 129.242950, 0.041111, 0.064861, 0
72, 65.900650, 59.248402, 0.063194, 0.024861, 0
73, 95.984573, 95.976776, 0.076250, 0.006806, 0
74, 1.273844, 81.990791, 0.017361, 0.053333, 0
75, 52.535610, 129.431122, 0.075000, 0.069306, 0
76, 51.881752, 137.740707, 0.050278, 0.070278, 0
77, 82.092857, 107.423088, 0.083333, 0.026389, 0
78, 49.736233, 90.613007, 0.011944, 0.042083, 0
79, 124.662781, 86.143845, 0.056806, 0.066111, 0
80, 38.603188, 7.923653, 0.082222, 0.008889, 0
81, 20.065868, 89.291527, 0.013611, 0.042222, 0
82, 47.824501, 88.927788, 0.012639, 0.039583, 0
83, 63.696575, 58.019070, 0.072500, 0.058056, 0
84, 115.884819, 112.969757, 0.060278, 0.045972, 0
85, 78.062431, 133.234406, 0.081944, 0.022778, 0
86, 50.958241, 62.509666, 0.041111, 0.016944, 0
87, 26.278664, 124.182869, 0.006111, 0.037083, 0
88, 16.175159, 135.429169, 0.062222, 0.019028, 0
89, 128.635590, 113.055367, 0.033056, 0.015417, 0
90, 119.674500, 42.824173, 0.029722, 0.038194, 0
91, 80.975105, 110.076912, 0.036944, 0.046667, 0
92, 100.998024, 125.318192, 0.022917, 0.009444, 0
93, 129.527740, 108.990410, 0.038611, 0.030278, 0
94, 10.538747, 176.499725, 0.026111, 0.060833, 0
95, 73.218224, 84.668365, 0.084722, 0.006528, 0
0, 101.063866, 105.408310, 0.021944, 0.086806, 0
1, 34.854713, 64.939987, 0.083056, 0.063056, 0
2, 35.234909, 162.685349, 0.038194, 0.054167, 0
3, 42.276344, 152.360413, 0.020139, 0.069306, 0
4, 126.091415, 32.714905, 0.039028, 0.036528, 0
5, 66.392563, 112.727722, 0.007639, 0.048056, 0
6, 52.301277, 125.182419, 0.058889, 0.050833, 0
7, 130.505066, 98.534912, 0.040139, 0.015417, 0
8, 49.003338, 88.901360, 0.066111, 0.022083, 0
9, 113.486877, 144.782837, 0.012222, 0.082639, 0
10, 42.770744, 116.808678, 0.046389, 0.014444, 0
11, 85.110474, 67.326492, 0.036667, 0.060417, 0
12, 81.557220, 89.396652, 0.037917, 0.052778, 0
13, 73.293533, 95.274704, 0.066111, 0.048472, 0
14, 52.363602, 110.338959, 0.053889, 0.036944, 0
15, 26.037529, 124.891785, 0.050278, 0.064722, 0
16, 128.277405, 107.792389, 0.054722, 0.022639, 0
17, 93.225212, 136.000183, 0.027500, 0.026944, 0
18, 86.326691, 76.822113, 0.079444, 0.036250, 0
19, 44.277500, 47.173855, 0.039444, 0.017917, 0
20, 66.792778, 112.479752, 0.049167, 0.061389, 0
21, 18.114870, 131.339020, 0.078194, 0.055833, 0
22, 17.146292, 109.690308, 0.054861, 0.052083, 0
23, 66.705856, 141.901688, 0.073333, 0.076250, 0
24, 36.189682, 145.252930, 0.072778, 0.046389, 0
25, 35.584297, 102.145920, 0.009722, 0.085833, 0
26, 48.365738, 19.103317, 0.018333, 0.011389, 0
27, 9.711712, 78.951981, 0.011528, 0.064167, 0
28, 110.467598, 78.265778, 0.082083, 0.041111, 0
29, 60.945236, 109.470856, 0.064861, 0.034167, 0
30, 24.723808, 105.207016, 0.052639, 0.019722, 0
31, 119.053558, 85.447281, 0.059861, 0.083333, 1
32, 42.196297, 122.006813, 0.041528, 0.028750, 0
33, 52.842129, 121.455406, 0.060556, 0.023750, 0
34, 40.845482, 98.335709, 0.075694, 0.070139, 0
35, 40.578648, 119.774460, 0.057083, 0.072639, 0
36, 115.293533, 133.543472, 0.037361, 0.026111, 0
37, 76.717926, 39.432781, 0.022778, 0.026528, 0
38, 61.003708, 23.031277, 0.046528, 0.020000, 0
39, 83.959000, 26.840679, 0.066250, 0.011667, 0
40, 95.341576, 71.891647, 0.046806, 0.012778, 0
41, 74.546448, 150.873184, 0.032917, 0.045972, 1
42, 30.812719, 143.474976, 0.012639, 0.053056, 0
43, 10.852057, 109.289444, 0.080556, 0.023472, 0
44, 23.878567, 161.280731, 0.080278, 0.080000, 0
45, 6.629074, 142.893661, 0.064861, 0.017917, 0
46, 42.211128, 121.071426, 0.068611, 0.028333, 0
47, 7.679217, 43.738022, 0.061111, 0.015417, 0
48, 80.920380, 130.739685, 0.034861, 0.026111, 0
49, 91.653023, 57.702877, 0.060833, 0.018333, 0
50, 61.328316, 41.967163, 0.065000, 0.022917, 0
51, 8.092937, 39.342117, 0.086806, 0.012083, 0
52, 68.489487, 86.316315, 0.058056, 0.057222, 0
53, 42.440678, 189.205734, 0.027917, 0.079861, 0
54, 6.910798, 32.444653, 0.064583, 0.007639, 0
55, 90.080833, 133.701279, 0.022917, 0.069028, 0
56, 86.600716, 104.463539, 0.011250, 0.042222, 0
57, 94.896454, 146.326294, 0.017639, 0.030833, 0
58, 98.573853, 66.857986, 0.050972, 0.050972, 0
59, 15.090214, 114.023232, 0.063750, 0.058472, 0
60, 35.490139, 62.180569, 0.034306, 0.004306, 0
61, 102.592880, 129.235535, 0.050694, 0.045972, 0
62, 120.918503, 133.043533, 0.028472, 0.018472, 0
63, 86.182739, 135.258636, 0.063889, 0.023889, 0
64, 80.147064, 119.061935, 0.070972, 0.031667, 0
65, 127.429276, 34.117287, 0.048056, 0.025694, 0
66, 31.527954, 36.559044, 0.037639, 0.007778, 0
67, 25.556602, 90.197060, 0.008889, 0.063333, 0
68, 114.077103, 127.306068, 0.083333, 0.082500, 0
69, 37.794159, 61.906132, 0.061250, 0.021250, 0
70, 113.791931, 51.878670, 0.028611, 0.031389, 0
71, 122.837143, 130.473740, 0.041111, 0.064861, 0
72, 66.330536, 62.028954, 0.063194, 0.024861, 0
73, 96.324173, 96.432236, 0.076250, 0.006806, 0
74, 1.405691, 88.754990, 0.017361, 0.053333, 0
75, 52.810802, 133.030334, 0.075000, 0.069306, 0
76, 52.074165, 141.600449, 0.050278, 0.070278, 0
77, 82.551498, 109.715744, 0.083333, 0.026389, 0
78, 49.810112, 94.815338, 0.011944, 0.042083, 0
79, 124.880264, 89.774879, 0.056806, 0.066111, 0
80, 38.814499, 8.198846, 0.082222, 0.008889, 0
81, 20.181927, 95.405891, 0.013611, 0.042222, 0
82, 47.906433, 93.117798, 0.012639, 0.039583, 0
83, 64.152275, 63.932678, 0.072500, 0.058056, 0
84, 116.181419, 116.458687, 0.060278, 0.045972, 0
85, 78.375916, 134.485733, 0.081944, 0.022778, 0
86, 51.296257, 64.861847, 0.041111, 0.016944, 0
87, 26.305923, 126.664139, 0.006111, 0.037083, 0
88, 16.514128, 137.062958, 0.062222, 0.019028, 0
89, 128.849686, 114.687378, 0.033056, 0.015417, 0
90, 119.844299, 46.295250, 0.029722, 0.038194, 0
91, 81.151024, 113.478806, 0.036944, 0.046667, 0
92, 101.128746, 126.176331, 0.022917, 0.009444, 0
93, 129.711365, 111.197632, 0.038611, 0.030278, 0
94, 10.708352, 182.938812, 0.026111, 0.060833, 0
95, 73.560043, 85.052795, 0.084722, 0.006528, 0
0, 101.151474, 110.436172, 0.021944, 0.086806, 0
1, 35.289711, 70.103241, 0.083056, 0.063056, 0
2, 35.464996, 167.932388, 0.038194, 0.054167, 0
3, 42.413349, 160.112457, 0.020139, 0.069306, 0
4, 126.265388, 35.158859, 0.039028, 0.036528, 0
5, 66.429161, 116.278969, 0.007639, 0.048056, 0
6, 52.674557, 130.411377, 0.058889, 0.050833, 0
7, 130.791580, 100.351677, 0.040139, 0.015417, 0
8, 49.567680, 92.099594, 0.066111, 0.022083, 0
9, 113.535629, 149.569092, 0.012222, 0.082639, 0
10, 43.151943, 118.814072, 0.046389, 0.014444, 0
11, 85.306717, 72.394569, 0.036667, 0.060417, 0
12, 81.803421, 94.983337, 0.037917, 0.052778, 0
13, 73.629814, 99.099037, 0.066111, 0.048472, 1
14, 52.654293, 113.475143, 0.053889, 0.036944, 0
15, 26.343124, 131.226212, 0.050278, 0.064722, 0
16, 128.633331, 110.188644, 0.054722, 0.022639, 0
17, 93.352203, 137.883316, 0.027500, 0.026944, 0
18, 86.780357, 80.116493, 0.079444, 0.036250, 0
19, 44.543957, 49.159775, 0.039444, 0.017917, 0
20, 67.052773, 117.567917, 0.049167, 0.061389, 0
21, 18.344511, 133.457809, 0.078194, 0.055833, 0
22, 17.442280, 114.111198, 0.054861, 0.052083, 0
23, 66.974907, 145.861145, 0.073333, 0.076250, 0
24, 36.437584, 147.430298, 0.072778, 0.046389, 0
25, 35.641205, 110.203362, 0.009722, 0.085833, 0
26, 48.493660, 20.411287, 0.018333, 0.011389, 0
27, 9.775760, 84.591042, 0.011528, 0.064167, 1
28, 110.871834, 81.385925, 0.082083, 0.041111, 0
29, 61.397137, 113.394547, 0.064861, 0.034167, 0
30, 25.250172, 108.613670, 0.052639, 0.019722, 0
31, 119.282745, 90.024574, 0.059861, 0.083333, 0
32, 42.511795, 125.652946, 0.041528, 0.028750, 0
33, 53.245045, 124.040894, 0.060556, 0.023750, 0
34, 41.170635, 102.818710, 0.075694, 0.070139, 0
35, 40.850788, 125.070000, 0.057083, 0.072639, 0
36, 115.459801, 135.290680, 0.037361, 0.026111, 0
37, 76.890671, 42.797436, 0.022778, 0.026528, 0
38, 61.291180, 25.028490, 0.046528, 0.020000, 0
39, 84.181122, 27.376600, 0.066250, 0.011667, 0
40, 95.564713, 72.823433, 0.046806, 0.012778, 0
41, 74.693161, 153.949463, 0.032917, 0.045972, 1
42, 30.881615, 148.031204, 0.012639, 0.053056, 0
43, 11.451204, 112.195732, 0.080556, 0.023472, 0
44, 24.223564, 166.394119, 0.080278, 0.080000, 0
45, 7.019817, 144.629837, 0.064861, 0.017917, 0
46, 42.635113, 123.901207, 0.068611, 0.028333, 0
47, 8.095337, 45.462406, 0.061111, 0.015417, 0
48, 81.135757, 133.347443, 0.034861, 0.026111, 0
49, 92.016098, 59.460350, 0.060833, 0.018333, 0
50, 61.648518, 43.706406, 0.065000, 0.022917, 0
51, 8.547750, 40.331539, 0.086806, 0.012083, 0
52, 68.766167, 90.487915, 0.058056, 0.057222, 0
53, 42.613235, 197.181610, 0.027917, 0.079861, 0
54, 7.239007, 33.047382, 0.064583, 0.007639, 0
55, 90.185204, 138.458176, 0.022917, 0.069028, 0
56, 86.678940, 109.312874, 0.011250, 0.042222, 0
57, 94.977791, 148.481796, 0.017639, 0.030833, 0
58, 98.819756, 70.624901, 0.050972, 0.050972, 0
59, 15.464208, 119.512474, 0.063750, 0.058472, 0
60, 35.745441, 62.713673, 0.034306, 0.004306, 0
61, 102.763054, 131.347626, 0.050694, 0.045972, 0
62, 121.031776, 134.113541, 0.028472, 0.018472, 0
63, 86.447128, 136.713501, 0.063889, 0.023889, 0
64, 80.463257, 121.180779, 0.070972, 0.031667, 0
65, 127.613289, 35.528496, 0.048056, 0.025694, 0
66, 31.750801, 37.296894, 0.037639, 0.007778, 0
67, 25.608772, 96.142426, 0.008889, 0.063333, 0
68, 114.238991, 128.871506, 0.083333, 0.082500, 0
69, 38.259155, 64.601143, 0.061250, 0.021250, 0
70, 113.959610, 54.825176, 0.028611, 0.031389, 0
71, 122.929893, 132.093170, 0.041111, 0.064861, 0
72, 66.829796, 65.330856, 0.063194, 0.024861, 0
73, 96.639832, 96.846909, 0.076250, 0.006806, 0
74, 1.532994, 95.252884, 0.017361, 0.053333, 0
75, 53.050667, 136.006622, 0.075000, 0.069306, 0
76, 52.282372, 145.881241, 0.050278, 0.070278, 0
77, 83.066872, 112.350975, 0.083333, 0.026389, 0
78, 49.892750, 99.605988, 0.011944, 0.042083, 0
79, 125.115601, 93.802017, 0.056806, 0.066111, 0
80, 39.038719, 8.500669, 0.082222, 0.008889, 0
81, 20.289448, 101.014244, 0.013611, 0.042222, 0
82, 48.000244, 98.019310, 0.012639, 0.039583, 0
83, 64.531914, 68.686775, 0.072500, 0.058056, 0
84, 116.411850, 118.983589, 0.060278, 0.045972, 0
85, 78.637947, 135.464050, 0.081944, 0.022778, 0
86, 51.640728, 67.264793, 0.041111, 0.016944, 0
87, 26.335106, 129.367599, 0.006111, 0.037083, 0
88, 16.869375, 138.791733, 0.062222, 0.019028, 0
89, 129.063782, 116.319389, 0.033056, 0.015417, 0
90, 120.024994, 50.033329, 0.029722, 0.038194, 0
91, 81.367477, 117.859306, 0.036944, 0.046667, 0
92, 101.259468, 127.034470, 0.022917, 0.009444, 0
93, 129.901031, 113.495560, 0.038611, 0.030278, 0
94, 10.882057, 189.560135, 0.026111, 0.060833, 0
95, 73.937325, 85.489349, 0.084722, 0.006528, 0
0, 101.249451, 116.244202, 0.021944, 0.086806, 0
1, 35.802917, 76.399872, 0.083056, 0.063056, 0
2, 35.695084, 173.179428, 0.038194, 0.054167, 0
3, 42.547195, 167.656860, 0.020139, 0.069306, 0
4, 126.429138, 37.420433, 0.039028, 0.036528, 0
5, 66.465363, 119.782227, 0.007639, 0.048056, 0
6, 52.992355, 134.726547, 0.058889, 0.050833, 0
7, 131.090729, 102.260818, 0.040139, 0.015417, 0
8, 50.135483, 95.319885, 0.066111, 0.022083, 0
9, 113.580536, 153.860229, 0.012222, 0.082639, 0
10, 43.547699, 120.906029, 0.046389, 0.014444, 0
11, 85.527954, 78.246979, 0.036667, 0.060417, 0
12, 82.007965, 99.463242, 0.037917, 0.052778, 0
13, 74.000732, 103.407455, 0.066111, 0.048472, 0
14, 52.987270, 117.164764, 0.053889, 0.036944, 0
15, 26.661880, 137.883835, 0.050278, 0.064722, 0
16, 128.989258, 112.584900, 0.054722, 0.022639, 0
17, 93.474869, 139.685745, 0.027500, 0.026944, 0
18, 87.221550, 83.302269, 0.079444, 0.036250, 0
19, 44.808350, 51.127804, 0.039444, 0.017917, 0
20, 67.320480, 122.839989, 0.049167, 0.061389, 0
21, 18.647829, 136.580200, 0.078194, 0.055833, 0
22, 17.781326, 119.312233, 0.054861, 0.052083, 0
23, 67.232445, 149.592178, 0.073333, 0.076250, 0
24, 36.658836, 149.283386, 0.072778, 0.046389, 0
25, 35.698112, 118.260803, 0.009722, 0.085833, 0
26, 48.610046, 21.582775, 0.018333, 0.011389, 0
27, 9.850674, 91.383530, 0.011528, 0.064167, 0
28, 111.327614, 84.998718, 0.082083, 0.041111, 1
29, 61.798111, 116.806458, 0.064861, 0.034167, 0
30, 25.762764, 111.921867, 0.052639, 0.019722, 0
31, 119.502525, 94.352203, 0.059861, 0.083333, 0
32, 42.853386, 129.644028, 0.041528, 0.028750, 0
33, 53.660641, 126.721260, 0.060556, 0.023750, 0
34, 41.543304, 108.142258, 0.075694, 0.070139, 0
35, 41.194614, 132.106506, 0.057083, 0.072639, 0
36, 115.596771, 136.646729, 0.037361, 0.026111, 0
37, 77.049133, 45.844173, 0.022778, 0.026528, 0
38, 61.585953, 27.085619, 0.046528, 0.020000, 0
39, 84.392853, 27.877571, 0.066250, 0.011667, 0
40, 95.795197, 73.793510, 0.046806, 0.012778, 0
41, 74.834702, 156.888000, 0.032917, 0.045972, 1
42, 30.949186, 152.481476, 0.012639, 0.053056, 0
43, 11.999758, 114.820770, 0.080556, 0.023472, 0
44, 24.555956, 171.267822, 0.080278, 0.080000, 0
45, 7.380009, 146.204926, 0.064861, 0.017917, 0
46, 43.069866, 126.815880, 0.068611, 0.028333, 0
47, 8.492304, 47.094414, 0.061111, 0.015417, 0
48, 81.336548, 135.746582, 0.034861, 0.026111, 0
49, 92.344177, 61.016449, 0.060833, 0.018333, 0
50, 61.968719, 45.445648, 0.065000, 0.022917, 0
51, 8.948043, 41.176170, 0.086806, 0.012083, 0
52, 69.088394, 95.516678, 0.058056, 0.057222, 0
53, 42.785793, 205.157486, 0.027917, 0.079861, 0
54, 7.587495, 33.695889, 0.064583, 0.007639, 0
55, 90.279991, 142.663559, 0.022917, 0.069028, 0
56, 86.746590, 113.403191, 0.011250, 0.042222, 0
57, 95.070206, 151.006805, 0.017639, 0.030833, 0
58, 99.111053, 75.257172, 0.050972, 0.050972, 0
59, 15.828194, 124.826530, 0.063750, 0.058472, 0
60, 35.979183, 63.195187, 0.034306, 0.004306, 0
61, 102.933228, 133.459717, 0.050694, 0.045972, 0
62, 121.162903, 135.404922, 0.028472, 0.018472, 0
63, 86.701492, 138.096817, 0.063889, 0.023889, 0
64, 80.760872, 123.141502, 0.070972, 0.031667, 0
65, 127.767090, 36.631813, 0.048056, 0.025694, 0
66, 31.995321, 38.120178, 0.037639, 0.007778, 0
67, 25.663734, 102.467278, 0.008889, 0.063333, 0
68, 114.413971, 130.684036, 0.083333, 0.082500, 0
69, 38.730560, 67.338211, 0.061250, 0.021250, 0
70, 114.127289, 57.771683, 0.028611, 0.031389, 0
71, 123.035553, 134.101242, 0.041111, 0.064861, 0
72, 67.289413, 68.334846, 0.063194, 0.024861, 0
73, 96.911598, 97.186806, 0.076250, 0.006806, 0
74, 1.648485, 101.058388, 0.017361, 0.053333, 0
75, 53.314083, 139.398193, 0.075000, 0.069306, 0
76, 52.474785, 149.740982, 0.050278, 0.070278, 0
77, 83.595337, 115.065262, 0.083333, 0.026389, 0
78, 49.964752, 103.682251, 0.011944, 0.042083, 0
79, 125.330109, 97.367035, 0.056806, 0.066111, 0
80, 39.262939, 8.802493, 0.082222, 0.008889, 0
81, 20.392700, 106.369591, 0.013611, 0.042222, 0
82, 48.086136, 102.446487, 0.012639, 0.039583, 0
83, 64.957054, 74.136574, 0.072500, 0.058056, 0
84, 116.632828, 121.370773, 0.060278, 0.045972, 0
85, 78.887115, 136.374115, 0.081944, 0.022778, 0
86, 51.974442, 69.583130, 0.041111, 0.016944, 0
87, 26.364288, 132.071060, 0.006111, 0.037083, 0
88, 17.244158, 140.634491, 0.062222, 0.019028, 0
89, 129.288223, 118.043777, 0.033056, 0.015417, 0
90, 120.213470, 53.962124, 0.029722, 0.038194, 0
91, 81.578140, 122.100006, 0.036944, 0.046667, 0
92, 101.390190, 127.892609, 0.022917, 0.009444, 0
93, 130.120911, 116.247017, 0.038611, 0.030278, 0
94, 11.047563, 195.816986, 0.026111, 0.060833, 0
95, 74.261414, 85.847717, 0.084722, 0.006528, 0
0, 101.354340, 122.572342, 0.021944, 0.086806, 0
1, 36.290054, 82.318710, 0.083056, 0.063056, 0
2, 35.907181, 177.939636, 0.038194, 0.054167, 0
3, 42.677883, 174.993622, 0.020139, 0.069306, 0
4, 126.658318, 40.849243, 0.039028, 0.036528, 0
5, 66.508705, 124.149284, 0.007639, 0.048056, 0
6, 53.294743, 138.787888, 0.058889, 0.050833, 0
7, 131.402512, 104.262337, 0.040139, 0.015417, 0
8, 50.672146, 98.341667, 0.066111, 0.022083, 0
9, 113.625443, 158.151367, 0.012222, 0.082639, 0
10, 43.928898, 122.911423, 0.046389, 0.014444, 0
11, 85.749191, 84.099388, 0.036667, 0.060417, 0
12, 82.188705, 103.310699, 0.037917, 0.052778, 0
13, 74.420143, 108.393593, 0.066111, 0.048472, 1
14, 53.339981, 121.112656, 0.053889, 0.036944, 0
15, 26.964844, 144.153641, 0.050278, 0.064722, 0
16, 129.350922, 115.026367, 0.054722, 0.022639, 0
17, 93.584557, 141.246063, 0.027500, 0.026944, 0
18, 87.687691, 86.705254, 0.079444, 0.036250, 1
19, 45.064487, 53.024269, 0.039444, 0.017917, 0
20, 67.593330, 128.234695, 0.049167, 0.061389, 0
21, 18.951147, 139.702591, 0.078194, 0.055833, 0
22, 18.100279, 124.149200, 0.054861, 0.052083, 0
23, 67.501495, 153.551636, 0.073333, 0.076250, 0
24, 36.914352, 151.553406, 0.072778, 0.046389, 0
25, 35.753498, 126.061096, 0.009722, 0.085833, 0
26, 48.732201, 22.822504, 0.018333, 0.011389, 0
27, 9.916533, 97.214828, 0.011528, 0.064167, 0
28, 111.860710, 89.350479, 0.082083, 0.041111, 0
29, 62.219456, 120.423080, 0.064861, 0.034167, 0
30, 26.302898, 115.426979, 0.052639, 0.019722, 0
31, 119.722305, 98.679832, 0.059861, 0.083333, 0
32, 43.142792, 132.946518, 0.041528, 0.028750, 0
33, 54.073067, 129.377457, 0.060556, 0.023750, 0
34, 41.927853, 113.675941, 0.075694, 0.070139, 0
35, 41.457794, 137.184418, 0.057083, 0.072639, 0
36, 115.727882, 137.924545, 0.037361, 0.026111, 0
37, 77.204025, 48.811432, 0.022778, 0.026528, 0
38, 61.866123, 29.022917, 0.046528, 0.020000, 0
39, 84.625366, 28.448442, 0.066250, 0.011667, 0
40, 96.003639, 74.648712, 0.046806, 0.012778, 0
41, 74.976242, 159.826538, 0.032917, 0.045972, 1
42, 31.017420, 156.984726, 0.012639, 0.053056, 0
43, 12.649500, 118.008308, 0.080556, 0.023472, 0
44, 24.863136, 175.662155, 0.080278, 0.080000, 0
45, 7.740201, 147.780014, 0.064861, 0.017917, 0
46, 43.536926, 129.984695, 0.068611, 0.028333, 0
47, 8.898867, 48.772610, 0.061111, 0.015417, 0
48, 81.524574, 137.963181, 0.034861, 0.026111, 0
49, 92.634079, 62.352867, 0.060833, 0.018333, 0
50, 62.288921, 47.184891, 0.065000, 0.022917, 0
51, 9.375596, 42.093197, 0.086806, 0.012083, 0
52, 69.365074, 99.688278, 0.058056, 0.057222, 0
53, 42.953968, 212.894089, 0.027917, 0.079861, 0
54, 7.925844, 34.321507, 0.064583, 0.007639, 0
55, 90.381966, 147.282578, 0.022917, 0.069028, 0
56, 86.811302, 117.282669, 0.011250, 0.042222, 0
57, 95.165390, 153.624191, 0.017639, 0.030833, 0
58, 99.330254, 78.515053, 0.050972, 0.050972, 0
59, 16.172165, 129.790207, 0.063750, 0.058472, 0
60, 36.202145, 63.650906, 0.034306, 0.004306, 0
61, 103.119331, 135.847290, 0.050694, 0.045972, 0
62, 121.302956, 136.806992, 0.028472, 0.018472, 0
63, 86.975906, 139.623230, 0.063889, 0.023889, 0
64, 81.158806, 125.956070, 0.070972, 0.031667, 0
65, 127.943550, 37.966049, 0.048056, 0.025694, 0
66, 32.233734, 38.920162, 0.037639, 0.007778, 0
67, 25.718697, 108.792130, 0.008889, 0.063333, 0
68, 114.641319, 133.485153, 0.083333, 0.082500, 0
69, 39.153900, 69.757019, 0.061250, 0.021250, 0
70, 114.290482, 60.624153, 0.028611, 0.031389, 0
71, 123.134758, 135.914993, 0.041111, 0.064861, 0
72, 67.659836, 70.668533, 0.063194, 0.024861, 0
73, 97.171394, 97.506310, 0.076250, 0.006806, 0
74, 1.773063, 107.396500, 0.017361, 0.053333, 0
75, 53.624603, 143.620331, 0.075000, 0.069306, 0
76, 52.667198, 153.600723, 0.050278, 0.070278, 0
77, 84.163078, 118.016716, 0.083333, 0.026389, 0
78, 50.049892, 108.640991, 0.011944, 0.042083, 0
79, 125.529739, 100.601967, 0.056806, 0.066111, 0
80, 39.474251, 9.077686, 0.082222, 0.008889, 0
81, 20.489550, 111.345428, 0.013611, 0.042222, 0
82, 48.176647, 107.150360, 0.012639, 0.039583, 0
83, 65.336693, 78.890663, 0.072500, 0.058056, 0
84, 116.863258, 123.895676, 0.060278, 0.045972, 0
85, 79.213463, 137.693695, 0.081944, 0.022778, 0
86, 52.303852, 71.867622, 0.041111, 0.016944, 0
87, 26.394753, 134.922653, 0.006111, 0.037083, 0
88, 17.638475, 142.591232, 0.062222, 0.019028, 0
89, 129.524734, 119.875938, 0.033056, 0.015417, 0
90, 120.397278, 57.776489, 0.029722, 0.038194, 0
91, 81.802315, 126.666908, 0.036944, 0.046667, 0
92, 101.525703, 128.788467, 0.022917, 0.009444, 0
93, 130.342804, 119.028709, 0.038611, 0.030278, 0
94, 11.200768, 201.527130, 0.026111, 0.060833, 0
95, 74.558907, 86.166992, 0.084722, 0.006528, 0
0, 101.452316, 128.380371, 0.021944, 0.086806, 0
1, 36.803261, 88.615341, 0.083056, 0.063056, 0
2, 36.125275, 182.862122, 0.038194, 0.054167, 0
3, 42.802254, 181.915100, 0.020139, 0.069306, 0
4, 126.844559, 43.512054, 0.039028, 0.036528, 0
5, 66.550858, 128.372375, 0.007639, 0.048056, 0
6, 53.612541, 143.103058, 0.058889, 0.050833, 0
7, 131.714294, 106.263855, 0.040139, 0.015417, 0
8, 51.267628, 101.738411, 0.066111, 0.022083, 0
9, 113.670349, 162.442505, 0.012222, 0.082639, 0
10, 44.295540, 124.830254, 0.046389, 0.014444, 0
11, 85.958893, 89.589798, 0.036667, 0.060417, 0
12, 82.405151, 108.106827, 0.037917, 0.052778, 0
13, 74.704468, 111.491798, 0.066111, 0.048472, 1
14, 53.613758, 124.027466, 0.053889, 0.036944, 0
15, 27.283600, 150.811264, 0.050278, 0.064722, 0
16, 129.767090, 117.897346, 0.054722, 0.022639, 0
17, 93.724525, 143.371307, 0.027500, 0.026944, 0
18, 88.149673, 90.072037, 0.079444, 0.036250, 0
19, 45.308243, 54.813389, 0.039444, 0.017917, 0
20, 67.819901, 132.526459, 0.049167, 0.061389, 0
21, 19.287210, 143.271027, 0.078194, 0.055833, 0
22, 18.407749, 128.778244, 0.054861, 0.052083, 0
23, 67.759033, 157.282669, 0.073333, 0.076250, 0
24, 37.135605, 153.406494, 0.072778, 0.046389, 0
25, 35.810406, 134.117996, 0.009722, 0.085833, 0
26, 48.860123, 24.130474, 0.018333, 0.011389, 0
27, 10.001105, 105.032585, 0.011528, 0.064167, 0
28, 112.380920, 93.579079, 0.082083, 0.041111, 0
29, 62.620430, 123.834991, 0.064861, 0.034167, 0
30, 26.826508, 118.813942, 0.052639, 0.019722, 0
31, 119.942085, 103.007462, 0.059861, 0.083333, 0
32, 43.434372, 136.277725, 0.041528, 0.028750, 0
33, 54.456963, 131.819839, 0.060556, 0.023750, 0
34, 42.276764, 118.579216, 0.075694, 0.070139, 0
35, 41.720974, 142.262329, 0.057083, 0.072639, 0
36, 115.876572, 139.437057, 0.037361, 0.026111, 0
37, 77.360107, 51.805183, 0.022778, 0.026528, 0
38, 62.138992, 30.900299, 0.046528, 0.020000, 0
39, 84.878662, 29.089214, 0.066250, 0.011667, 0
40, 96.204735, 75.465622, 0.046806, 0.012778, 0
41, 75.107437, 162.489594, 0.032917, 0.045972, 1
42, 31.085653, 161.487976, 0.012639, 0.053056, 0
43, 13.252864, 120.938034, 0.080556, 0.023472, 0
44, 25.195528, 180.535858, 0.080278, 0.080000, 0
45, 8.120744, 149.462494, 0.064861, 0.017917, 0
46, 43.950142, 132.728851, 0.068611, 0.028333, 0
47, 9.305429, 50.450806, 0.061111, 0.015417, 0
48, 81.718071, 140.258011, 0.034861, 0.026111, 0
49, 92.914436, 63.634365, 0.060833, 0.018333, 0
50, 62.639748, 49.130093, 0.065000, 0.022917, 0
51, 9.789519, 42.974026, 0.086806, 0.012083, 0
52, 69.632645, 103.688446, 0.058056, 0.057222, 0
53, 43.108994, 219.912872, 0.027917, 0.079861, 0
54, 8.254054, 34.924236, 0.064583, 0.007639, 0
55, 90.491127, 152.315231, 0.022917, 0.069028, 0
56, 86.878952, 121.372986, 0.011250, 0.042222, 0
57, 95.255035, 156.056824, 0.017639, 0.030833, 0
58, 99.653595, 83.758163, 0.050972, 0.050972, 0
59, 16.586189, 135.980194, 0.063750, 0.058472, 0
60, 36.425106, 64.106720, 0.034306, 0.004306, 0
61, 103.273575, 137.683899, 0.050694, 0.045972, 0
62, 121.456398, 138.375092, 0.028472, 0.018472, 0
63, 87.270370, 141.292740, 0.063889, 0.023889, 0
64, 81.441559, 127.790298, 0.070972, 0.031667, 0
65, 128.127563, 39.377258, 0.048056, 0.025694, 0
66, 32.460339, 39.673546, 0.037639, 0.007778, 0
67, 25.778313, 115.749458, 0.008889, 0.063333, 0
68, 114.777023, 134.556244, 0.083333, 0.082500, 0
69, 39.580444, 72.197044, 0.061250, 0.021250, 0
70, 114.458160, 63.570660, 0.028611, 0.031389, 0
71, 123.240417, 137.923065, 0.041111, 0.064861, 0
72, 68.129364, 73.747002, 0.063194, 0.024861, 0
73, 97.415230, 97.798622, 0.076250, 0.006806, 0
74, 1.904909, 114.160698, 0.017361, 0.053333, 0
75, 53.911572, 147.427185, 0.075000, 0.069306, 0
76, 52.851715, 157.249939, 0.050278, 0.070278, 0
77, 84.652267, 120.493835, 0.083333, 0.026389, 0
78, 50.121895, 112.717255, 0.011944, 0.042083, 0
79, 125.711517, 103.440796, 0.056806, 0.066111, 0
80, 39.672653, 9.326249, 0.082222, 0.008889, 0
81, 20.590668, 116.574272, 0.013611, 0.042222, 0
82, 48.271118, 112.091400, 0.012639, 0.039583, 0
83, 65.670830, 82.949043, 0.072500, 0.058056, 0
84, 117.065331, 126.007423, 0.060278, 0.045972, 0
85, 79.616989, 139.422791, 0.081944, 0.022778, 0
86, 52.613899, 73.999817, 0.041111, 0.016944, 0
87, 26.422012, 137.403915, 0.006111, 0.037083, 0
88, 18.081631, 144.832932, 0.062222, 0.019028, 0
89, 129.771591, 121.800476, 0.033056, 0.015417, 0
90, 120.595093, 61.934143, 0.029722, 0.038194, 0
91, 82.001396, 130.628006, 0.036944, 0.046667, 0
92, 101.675591, 129.797485, 0.022917, 0.009444, 0
93, 130.540527, 121.447578, 0.038611, 0.030278, 0
94, 11.345775, 206.872803, 0.026111, 0.060833, 0
95, 74.851967, 86.479752, 0.084722, 0.006528, 0
0, 101.553749, 134.448456, 0.021944, 0.086806, 0
1, 37.264328, 94.156387, 0.083056, 0.063056, 0
2, 36.361359, 188.271439, 0.038194, 0.054167, 0
3, 42.917149, 188.213654, 0.020139, 0.069306, 0
4, 127.004219, 45.700676, 0.039028, 0.036528, 0
5, 66.583488, 131.443726, 0.007639, 0.048056, 0
6, 53.914928, 147.164398, 0.058889, 0.050833, 0
7, 132.026077, 108.265373, 0.040139, 0.015417, 0
8, 51.800831, 104.738136, 0.066111, 0.022083, 0
9, 113.722946, 167.723877, 0.012222, 0.082639, 0
10, 44.676739, 126.835648, 0.046389, 0.014444, 0
11, 86.168594, 95.080208, 0.036667, 0.060417, 0
12, 82.597794, 112.270508, 0.037917, 0.052778, 0
13, 75.092705, 116.042259, 0.066111, 0.048472, 1
14, 53.929821, 127.495712, 0.053889, 0.036944, 0
15, 27.578667, 156.887161, 0.050278, 0.064722, 0
16, 130.123016, 120.293602, 0.054722, 0.022639, 0
17, 93.883240, 145.846268, 0.027500, 0.026944, 0
18, 88.619972, 93.511223, 0.079444, 0.036250, 0
19, 45.527233, 56.387817, 0.039444, 0.017917, 0
20, 68.046471, 136.818222, 0.049167, 0.061389, 0
21, 19.660112, 147.341263, 0.078194, 0.055833, 0
22, 18.695126, 133.043716, 0.054861, 0.052083, 0
23, 68.016571, 161.013702, 0.073333, 0.076250, 0
24, 37.391121, 155.676514, 0.072778, 0.046389, 0
25, 35.862747, 141.403351, 0.009722, 0.085833, 0
26, 48.985161, 25.404324, 0.018333, 0.011389, 0
27, 10.074812, 111.696915, 0.011528, 0.064167, 0
28, 112.939789, 98.177162, 0.082083, 0.041111, 0
29, 63.082516, 127.861038, 0.064861, 0.034167, 0
30, 27.339100, 122.122139, 0.052639, 0.019722, 0
31, 120.180679, 107.834419, 0.059861, 0.083333, 0
32, 43.719429, 139.522781, 0.041528, 0.028750, 0
33, 54.878899, 134.546768, 0.060556, 0.023750, 0
34, 42.661312, 124.112900, 0.075694, 0.070139, 0
35, 42.011036, 147.993103, 0.057083, 0.072639, 0
36, 116.031120, 141.027802, 0.037361, 0.026111, 0
37, 77.512619, 54.719456, 0.022778, 0.026528, 0
38, 62.375355, 32.478149, 0.046528, 0.020000, 0
39, 85.131958, 29.729986, 0.066250, 0.011667, 0
40, 96.376442, 76.129364, 0.046806, 0.012778, 0
41, 75.254150, 165.565872, 0.032917, 0.045972, 0
42, 31.153887, 165.991226, 0.012639, 0.053056, 0
43, 13.915255, 124.195885, 0.080556, 0.023472, 0
44, 25.527920, 185.409561, 0.080278, 0.080000, 0
45, 8.531806, 151.306061, 0.064861, 0.017917, 0
46, 44.374126, 135.557877, 0.068611, 0.028333, 0
47, 9.683205, 51.990437, 0.061111, 0.015417, 0
48, 81.911568, 142.552841, 0.034861, 0.026111, 0
49, 93.204338, 64.970985, 0.060833, 0.018333, 0
50, 62.919117, 50.594723, 0.065000, 0.022917, 0
51, 10.189813, 43.818657, 0.086806, 0.012083, 0
52, 69.909325, 107.860046, 0.058056, 0.057222, 0
53, 43.259636, 226.692383, 0.027917, 0.079861, 0
54, 8.592403, 35.549854, 0.064583, 0.007639, 0
55, 90.600288, 157.347885, 0.022917, 0.069028, 0
56, 86.946602, 125.463303, 0.011250, 0.042222, 0
57, 95.347450, 158.581833, 0.017639, 0.030833, 0
58, 99.912849, 87.779594, 0.050972, 0.050972, 1
59, 17.010221, 142.345367, 0.063750, 0.058472, 0
60, 36.648067, 64.562836, 0.034306, 0.004306, 0
61, 103.483574, 140.484695, 0.050694, 0.045972, 0
62, 121.600914, 139.832504, 0.028472, 0.018472, 0
63, 87.504684, 142.532959, 0.063889, 0.023889, 0
64, 81.757751, 129.908676, 0.070972, 0.031667, 0
65, 128.288910, 40.557549, 0.048056, 0.025694, 0
66, 32.692848, 40.450230, 0.037639, 0.007778, 0
67, 25.831879, 121.884567, 0.008889, 0.063333, 0
68, 114.991280, 137.110214, 0.083333, 0.082500, 0
69, 39.971741, 74.403679, 0.061250, 0.021250, 0
70, 114.648270, 66.987709, 0.028611, 0.031389, 0
71, 123.333168, 139.542496, 0.041111, 0.064861, 0
72, 68.562553, 76.552383, 0.063194, 0.024861, 0
73, 97.611183, 98.009361, 0.076250, 0.006806, 0
74, 2.014949, 119.646637, 0.017361, 0.053333, 0
75, 54.174988, 150.818756, 0.075000, 0.069306, 0
76, 53.059921, 161.530731, 0.050278, 0.070278, 0
77, 85.089088, 122.654732, 0.083333, 0.026389, 0
78, 50.210789, 117.928131, 0.011944, 0.042083, 0
79, 126.009338, 108.854294, 0.056806, 0.066111, 0
80, 39.883965, 9.601442, 0.082222, 0.008889, 0
81, 20.693920, 121.929619, 0.013611, 0.042222, 0
82, 48.359650, 116.676689, 0.012639, 0.039583, 0
83, 66.084595, 88.224915, 0.072500, 0.058056, 0
84, 117.257950, 127.981453, 0.060278, 0.045972, 0
85, 79.981926, 140.947128, 0.081944, 0.022778, 0
86, 52.895977, 75.912025, 0.041111, 0.016944, 0
87, 26.445747, 139.477814, 0.006111, 0.037083, 0
88, 18.544321, 147.188614, 0.062222, 0.019028, 0
89, 130.023621, 123.771202, 0.033056, 0.015417, 0
90, 120.760223, 65.290665, 0.029722, 0.038194, 0
91, 82.229431, 135.288101, 0.036944, 0.046667, 0
92, 101.832664, 130.863083, 0.022917, 0.009444, 0
93, 130.774506, 124.410683, 0.038611, 0.030278, 0
94, 11.507180, 212.947418, 0.026111, 0.060833, 0
95, 75.162758, 86.818573, 0.084722, 0.006528, 0
0, 101.662094, 141.036652, 0.021944, 0.086806, 0
1, 37.673256, 98.941849, 0.083056, 0.063056, 0
2, 36.603439, 193.843033, 0.038194, 0.054167, 0
3, 43.038361, 194.927490, 0.020139, 0.069306, 0
4, 127.190460, 48.363487, 0.039028, 0.036528, 0
5, 66.614136, 134.275131, 0.007639, 0.048056, 0
6, 54.171082, 150.464249, 0.058889, 0.050833, 0
7, 132.337860, 110.266891, 0.040139, 0.015417, 0
8, 52.344414, 107.804031, 0.066111, 0.022083, 0
9, 113.769775, 172.262573, 0.012222, 0.082639, 0
10, 45.043381, 128.754074, 0.046389, 0.014444, 0
11, 86.389832, 100.932617, 0.036667, 0.060417, 0
12, 82.843994, 117.857193, 0.037917, 0.052778, 0
13, 75.480942, 120.592720, 0.066111, 0.048472, 1
14, 54.271255, 131.296021, 0.053889, 0.036944, 0
15, 27.857941, 162.575241, 0.050278, 0.064722, 0
16, 130.501892, 122.870705, 0.054722, 0.022639, 0
17, 94.049164, 148.455734, 0.027500, 0.026944, 0
18, 89.069481, 96.769402, 0.079444, 0.036250, 0
19, 45.746223, 57.962246, 0.039444, 0.017917, 0
20, 68.288467, 141.477844, 0.049167, 0.061389, 0
21, 20.008455, 151.076965, 0.078194, 0.055833, 0
22, 19.008337, 137.777344, 0.054861, 0.052083, 0
23, 68.285622, 164.973160, 0.073333, 0.076250, 0
24, 37.703743, 158.641418, 0.072778, 0.046389, 0
25, 35.910522, 147.917328, 0.009722, 0.085833, 0
26, 49.110199, 26.678173, 0.018333, 0.011389, 0
27, 10.149726, 118.489403, 0.011528, 0.064167, 0
28, 113.451408, 102.323654, 0.082083, 0.041111, 0
29, 63.432564, 130.761169, 0.064861, 0.034167, 0
30, 27.854446, 125.450027, 0.052639, 0.019722, 0
31, 120.428680, 112.911041, 0.059861, 0.083333, 0
32, 44.011009, 142.853989, 0.041528, 0.028750, 0
33, 55.291325, 137.202560, 0.060556, 0.023750, 0
34, 42.986465, 128.595840, 0.075694, 0.070139, 0
35, 42.283176, 153.288635, 0.057083, 0.072639, 0
36, 116.191528, 142.696777, 0.037361, 0.026111, 0
37, 77.665131, 57.633728, 0.022778, 0.026528, 0
38, 62.619019, 34.116024, 0.046528, 0.020000, 0
39, 85.385254, 30.370758, 0.066250, 0.011667, 0
40, 96.548149, 76.793106, 0.046806, 0.012778, 0
41, 75.385345, 168.228928, 0.032917, 0.045972, 1
42, 31.220135, 170.335541, 0.012639, 0.053056, 0
43, 14.615591, 127.664673, 0.080556, 0.023472, 0
44, 25.872917, 190.522949, 0.080278, 0.080000, 0
45, 8.891956, 152.881149, 0.064861, 0.017917, 0
46, 44.830418, 138.641510, 0.068611, 0.028333, 0
47, 10.041788, 53.437691, 0.061111, 0.015417, 0
48, 82.132416, 145.238831, 0.034861, 0.026111, 0
49, 93.475151, 66.197815, 0.060833, 0.018333, 0
50, 63.229111, 52.265312, 0.065000, 0.022917, 0
51, 10.594649, 44.675354, 0.086806, 0.012083, 0
52, 70.195114, 112.203079, 0.058056, 0.057222, 0
53, 43.414661, 233.711166, 0.027917, 0.079861, 0
54, 8.940892, 36.198360, 0.064583, 0.007639, 0
55, 90.705856, 162.173721, 0.022917, 0.069028, 0
56, 87.007202, 129.047424, 0.011250, 0.042222, 0
57, 95.445404, 161.291595, 0.017639, 0.030833, 0
58, 100.156082, 91.495605, 0.050972, 0.050972, 0
59, 17.414238, 148.360168, 0.063750, 0.058472, 0
60, 36.887199, 65.057678, 0.034306, 0.004306, 0
61, 103.677643, 143.010010, 0.050694, 0.045972, 0
62, 121.745430, 141.289917, 0.028472, 0.018472, 0
63, 87.789124, 144.130920, 0.063889, 0.023889, 0
64, 82.051651, 131.837311, 0.070972, 0.031667, 0
65, 128.437668, 41.609550, 0.048056, 0.025694, 0
66, 32.919453, 41.203613, 0.037639, 0.007778, 0
67, 25.885445, 128.019669, 0.008889, 0.063333, 0
68, 115.192444, 139.417038, 0.083333, 0.082500, 0
69, 40.334198, 76.419357, 0.061250, 0.021250, 0
70, 114.833893, 70.310760, 0.028611, 0.031389, 0
71, 123.425919, 141.161926, 0.041111, 0.064861, 0
72, 68.929672, 78.861244, 0.063194, 0.024861, 0
73, 97.807137, 98.220100, 0.076250, 0.006806, 0
74, 2.135892, 125.771706, 0.017361, 0.053333, 0
75, 54.450180, 154.417969, 0.075000, 0.069306, 0
76, 53.260231, 165.600998, 0.050278, 0.070278, 0
77, 85.591370, 125.210907, 0.083333, 0.026389, 0
78, 50.289047, 122.424622, 0.011944, 0.042083, 0
79, 126.223846, 112.419312, 0.056806, 0.066111, 0
80, 40.095276, 9.876636, 0.082222, 0.008889, 0
81, 20.800730, 127.495804, 0.013611, 0.042222, 0
82, 48.451481, 121.459618, 0.012639, 0.039583, 0
83, 66.464233, 92.979004, 0.072500, 0.058056, 0
84, 117.488380, 130.506760, 0.060278, 0.045972, 0
85, 80.385452, 142.676224, 0.081944, 0.022778, 0
86, 53.158691, 77.671936, 0.041111, 0.016944, 0
87, 26.473007, 141.959076, 0.006111, 0.037083, 0
88, 18.997244, 149.487305, 0.062222, 0.019028, 0
89, 130.289444, 125.865097, 0.033056, 0.015417, 0
90, 120.916016, 68.418144, 0.029722, 0.038194, 0
91, 82.436234, 139.435593, 0.036944, 0.046667, 0
92, 101.989738, 131.928680, 0.022917, 0.009444, 0
93, 130.988342, 127.071434, 0.038611, 0.030278, 0
94, 11.664486, 218.839798, 0.026111, 0.060833, 0
95, 75.473549, 87.157394, 0.084722, 0.006528, 0
